word,score
soare,5621
stare,5413
roate,5396
raile,5358
arose,5340
raise,5337
arise,5336
slate,5335
saine,5322
orate,5320
saner,5309
snare,5306
irate,5287
raine,5280
strae,5280
slane,5261
crate,5252
salet,5251
ariel,5245
stale,5234
trace,5216
taler,5212
stoae,5197
share,5192
saice,5190
crane,5178
slier,5169
reast,5165
seral,5158
scare,5157
stane,5156
caret,5153
later,5150
taser,5150
carle,5149
carte,5145
oater,5128
carse,5128
soler,5119
sorel,5114
store,5114
ratel,5111
artel,5110
stire,5110
saute,5105
coate,5100
alter,5100
teary,5100
urate,5096
prate,5094
paire,5083
stear,5082
urase,5079
prase,5077
spare,5076
laser,5070
sayer,5066
cater,5060
sared,5059
tares,5057
trade,5055
sarge,5053
earst,5050
trone,5049
trine,5045
alert,5041
torse,5037
spaer,5030
alone,5028
aline,5024
scrae,5024
grate,5021
leary,5020
siler,5016
liane,5013
shale,5013
serai,5012
trape,5012
arsey,5007
snore,5007
maire,5000
realo,4997
earnt,4993
porae,4992
parle,4991
alure,4990
sabre,4990
sager,4987
scale,4978
lares,4977
salue,4976
react,4976
blare,4974
tears,4973
brane,4972
toile,4971
caner,4971
parse,4970
slade,4968
rates,4961
least,4959
slart,4958
toise,4950
glare,4949
frate,4949
saber,4944
rales,4943
arles,4942
setal,4936
stole,4935
antre,4934
early,4932
crise,4932
stile,4931
resat,4930
blaer,4928
rance,4924
atone,4923
reals,4920
irade,4920
learn,4919
reais,4915
irone,4914
trice,4913
peart,4911
oriel,4909
morae,4909
marle,4908
sware,4907
aiery,4902
leant,4902
pater,4902
aesir,4900
sauce,4899
spale,4897
dater,4895
anole,4894
lears,4893
shore,4893
spate,4893
rayle,4891
thrae,4891
tared,4891
anile,4890
shire,4889
aisle,4887
cares,4887
siren,4887
marse,4887
roset,4886
aster,4885
targe,4885
paler,4884
paise,4883
wrate,4883
toner,4880
crone,4879
flare,4877
lacer,4876
crine,4875
heart,4871
anise,4869
ronte,4869
haole,4868
corse,4867
alien,4866
stade,4863
reist,4862
hater,4862
shear,4861
tries,4861
score,4858
stone,4857
taper,4856
sayne,4855
chare,4854
relay,4853
safer,4852
deair,4849
clear,4849
tiler,4848
arets,4847
shoer,4847
farle,4846
thale,4845
aloes,4844
terai,4844
ursae,4844
haler,4844
caste,4843
shier,4843
uraei,4842
reans,4842
crape,4842
teras,4840
sawer,4840
brace,4840
plate,4839
steal,4837
sated,4837
baler,4836
saker,4834
canoe,4833
serac,4833
litre,4832
gater,4829
nares,4828
soave,4827
adore,4826
slice,4826
suite,4826
laers,4825
senor,4825
farse,4825
maile,4821
rathe,4820
roast,4819
daine,4819
mater,4819
spane,4819
sture,4819
layer,4818
saver,4818
tales,4817
solar,4817
lader,4817
grace,4815
rayne,4813
soral,4812
crame,4812
argle,4811
tamer,4811
sable,4811
trave,4811
loser,4809
ramet,4808
aeros,4807
armet,4807
pareo,4806
roule,4806
earls,4805
renal,4805
large,4805
route,4802
loner,4800
maise,4800
stage,4800
ramie,4799
prole,4799
stair,4798
sored,4798
retia,4796
tores,4796
pearl,4795
rated,4795
teals,4794
urite,4793
ariot,4792
drole,4792
resay,4791
blate,4791
oared,4789
braes,4788
vaire,4787
liter,4786
slake,4786
rouse,4785
renay,4782
seity,4782
laten,4781
loure,4779
prose,4778
spore,4777
arled,4776
taber,4776
ayrie,4775
baser,4774
prise,4774
blase,4774
nacre,4773
spire,4773
cadre,4773
derat,4771
potae,4770
segar,4770
aider,4767
seron,4767
serin,4767
alder,4767
thane,4767
reoil,4766
feart,4766
deary,4765
plane,4765
leany,4763
saint,4762
neral,4761
aired,4761
oaten,4759
diane,4758
trode,4756
palet,4755
paren,4755
corey,4753
tride,4752
cause,4750
rinse,4749
saned,4748
lacet,4747
oiler,4746
sonar,4746
trail,4745
spear,4745
nears,4744
stela,4744
great,4744
noter,4740
moire,4739
claes,4739
lager,4739
maser,4739
samel,4734
salep,4733
sitar,4732
lamer,4731
socle,4730
brose,4730
pares,4729
solei,4728
swale,4728
toeas,4727
earns,4727
spier,4727
taels,4726
brise,4726
soger,4726
aurei,4725
relit,4725
dealt,4725
slave,4724
ceria,4722
dares,4722
aures,4721
noise,4721
prone,4721
cared,4721
cleat,4720
abore,4719
urine,4719
erica,4718
lance,4718
sient,4718
lores,4716
rased,4715
sorta,4715
arsed,4714
drone,4714
stean,4713
tread,4713
trope,4713
samey,4711
liart,4710
leats,4710
shote,4710
trial,4709
tripe,4709
riley,4706
smore,4706
shite,4706
sonce,4705
ureal,4703
goier,4703
crake,4703
rimae,4702
slyer,4702
dorse,4702
tinea,4701
sider,4701
grise,4701
slant,4701
rotes,4700
range,4700
clote,4698
skate,4698
liner,4697
sceat,4697
citer,4696
phare,4696
sired,4695
tried,4695
tires,4693
crest,4692
cries,4691
water,4691
halse,4690
hares,4689
waite,4689
satem,4689
coure,4689
crena,4688
togae,4687
races,4687
space,4687
orant,4686
caper,4686
petar,4685
paste,4685
osier,4684
nitre,4683
sober,4683
roles,4682
sarin,4682
aimer,4681
close,4681
bares,4681
faine,4681
stake,4681
elain,4678
aloed,4678
drape,4677
ready,4676
blore,4675
smear,4674
plier,4673
waler,4673
soyle,4672
tawer,4672
areic,4671
heast,4671
horse,4669
brine,4669
lanes,4666
taker,4666
cruet,4666
cates,4665
earth,4665
slide,4665
dearn,4664
aruhe,4663
resit,4663
beast,4663
tuile,4662
lyase,4661
noser,4660
touse,4659
riant,4659
apter,4658
tenor,4657
gares,4656
sieur,4654
ceorl,4654
chase,4654
grade,4654
telia,4652
cabre,4652
aeons,4651
afore,4651
taver,4650
tolar,4649
pilae,4649
cager,4649
grone,4648
afire,4647
silen,4647
yeast,4646
mares,4646
pears,4645
haste,4645
seamy,4645
maerl,4644
styre,4643
table,4643
blear,4643
ourie,4642
shade,4642
cruse,4641
crave,4641
dears,4638
souce,4638
toyer,4637
niter,4637
baste,4637
leans,4636
shone,4636
gorse,4636
farce,4636
slaty,4636
doter,4634
zaire,4633
place,4633
selah,4632
lairy,4632
deray,4632
salve,4632
shine,4632
snarl,4630
stern,4630
clade,4630
frise,4629
pacer,4628
cores,4626
slope,4626
morse,4626
clone,4624
throe,4624
poler,4623
sewar,4623
poise,4622
lapse,4622
truce,4622
slipe,4622
train,4621
recal,4620
clart,4620
flane,4620
cline,4620
hanse,4619
belar,4619
surat,4619
stave,4619
sheal,4616
speat,4616
solde,4615
padre,4615
lathe,4614
starn,4613
loast,4613
toney,4612
arpen,4612
rones,4611
oread,4611
grape,4611
samen,4610
lacey,4608
swore,4608
snary,4607
orles,4606
yearn,4606
nates,4606
realm,4606
caber,4606
brame,4606
hears,4605
outre,4604
swire,4604
tribe,4604
borne,4604
reamy,4603
since,4602
larnt,4601
scone,4601
manet,4601
sucre,4600
apert,4599
shape,4599
cadet,4598
shiel,4598
rites,4597
bears,4597
scart,4597
louie,4595
tesla,4595
toper,4595
rhone,4594
spile,4594
amole,4593
pause,4592
lawer,4592
slime,4592
psoae,4591
boite,4591
beray,4591
leirs,4590
coset,4590
rhine,4590
spite,4590
lated,4589
peaty,4589
tased,4589
cadie,4589
denar,4589
saury,4589
rapes,4587
presa,4587
laker,4586
tsade,4585
false,4585
price,4585
fares,4584
wrote,4584
curet,4583
hoise,4582
coste,4582
namer,4582
cosie,4581
tenia,4581
rainy,4581
ranke,4581
stray,4581
forte,4581
grame,4581
years,4580
ulnae,4580
luter,4580
write,4580
riles,4579
elans,4579
loave,4579
louse,4579
birle,4579
sower,4579
drice,4578
canes,4576
manse,4576
swear,4576
curie,4574
reach,4574
troke,4574
snake,4574
conte,4573
gears,4572
barde,4572
meant,4571
tuner,4571
rouen,4570
steil,4570
payer,4570
trues,4570
trike,4570
laver,4570
borel,4570
haute,4569
morne,4569
shame,4569
ramen,4568
panel,4568
sidle,4568
acres,4566
leapt,4566
seric,4566
feast,4566
neals,4565
agile,4565
oaker,4564
scape,4564
pared,4563
pleat,4562
sepal,4562
neats,4561
taces,4561
poser,4561
weary,4561
moile,4560
glace,4560
faery,4559
outer,4558
soled,4558
birse,4558
curse,4558
leash,4557
lande,4557
parge,4557
clame,4557
isnae,4556
toles,4556
chore,4555
doser,4554
ureas,4553
barye,4553
caple,4553
hause,4552
royne,4552
matey,4551
rages,4550
cruel,4550
skear,4550
savey,4550
ocrea,4549
reads,4549
alike,4549
sault,4549
rotal,4548
thole,4546
rache,4546
seton,4545
macer,4545
doner,4545
eorls,4544
roues,4544
sonde,4544
salty,4544
risen,4543
trona,4542
elint,4542
tiers,4541
beaty,4541
argue,4540
reins,4539
cripe,4539
frape,4539
drake,4538
walie,4535
morel,4535
tawie,4534
roted,4534
slain,4534
prest,4534
carve,4534
pareu,4533
paten,4533
blaes,4533
pries,4533
rails,4532
urena,4532
skier,4532
madre,4532
arils,4531
certy,4531
ravel,4531
hayer,4530
sadhe,4529
raits,4528
flier,4528
taupe,4527
drest,4527
tired,4527
dries,4526
spade,4526
resty,4525
those,4525
cried,4525
tiars,4524
anode,4523
recta,4523
cires,4523
hared,4523
smote,4523
smile,4523
coast,4523
trans,4522
bayer,4522
ailed,4521
stead,4521
hoser,4521
stope,4521
raced,4521
alist,4521
toran,4520
aiver,4520
piler,4520
arced,4520
olpae,4519
toaze,4519
inter,4519
smite,4519
ayres,4518
wares,4518
suave,4518
tawse,4518
feral,4517
boart,4517
stipe,4517
perai,4516
aside,4516
abler,4516
roist,4516
spine,4516
spart,4516
alowe,4515
loper,4515
bared,4515
bleat,4514
coley,4513
crome,4513
honer,4512
suent,4512
grice,4512
trove,4512
amine,4511
asper,4511
cedar,4510
mealy,4510
comae,4509
lased,4509
crime,4509
barge,4509
frame,4509
rines,4508
ravey,4508
roble,4508
pates,4507
neist,4507
stria,4506
meaty,4506
reaps,4506
lairs,4505
sayed,4505
lutea,4504
paseo,4504
rugae,4504
strep,4504
boner,4504
sural,4503
stied,4503
sloan,4502
artsy,4502
ronde,4502
enact,4501
mitre,4501
taxer,4501
craze,4501
luser,4500
terns,4500
dates,4500
speal,4500
fears,4500
nurse,4499
orals,4498
worse,4498
sithe,4498
gayer,4497
repay,4497
brake,4497
roans,4496
phase,4496
minae,4495
perst,4495
nerol,4494
lotes,4494
toras,4494
salto,4494
antes,4493
trema,4492
agone,4491
teils,4491
pager,4491
sarod,4490
cuter,4490
biter,4490
pales,4489
sured,4489
riels,4488
taros,4488
blite,4488
tapen,4487
alive,4487
stime,4487
tones,4485
apres,4485
bries,4485
whare,4485
auger,4483
regal,4483
facer,4483
surge,4483
dales,4482
spiel,4482
laces,4481
ancle,4481
clary,4481
clean,4480
caver,4480
sedan,4479
urent,4479
piert,4479
goner,4479
hoaed,4478
syren,4478
speir,4478
locie,4477
loipe,4477
anger,4477
prent,4477
tarsi,4476
reams,4476
druse,4476
drave,4476
resto,4475
coral,4474
waste,4474
marge,4474
forel,4473
sited,4473
cable,4473
rials,4471
fayre,4471
saunt,4471
siker,4470
drent,4470
leady,4470
pance,4470
ratio,4469
recit,4469
moner,4469
spaed,4469
wanle,4469
brast,4469
carol,4468
pores,4468
coyer,4467
hates,4467
beany,4467
peals,4466
after,4466
coder,4466
septa,4465
sepia,4464
latke,4464
style,4464
scrat,4464
thine,4464
redia,4463
terga,4463
rayed,4463
dance,4463
peats,4462
liers,4461
tapes,4461
dores,4461
inert,4460
apery,4460
shero,4460
shake,4460
satin,4460
cored,4460
deals,4459
bates,4459
valet,4459
ahent,4458
scary,4458
kiore,4457
volae,4456
radge,4456
brule,4456
miter,4455
siled,4455
sapor,4455
tiger,4455
gaper,4455
krone,4455
rains,4454
rosed,4454
siver,4454
super,4454
tiles,4453
ropey,4453
drant,4453
snide,4453
shalt,4453
brute,4452
cosey,4451
noule,4451
ricey,4450
eliad,4450
hales,4449
laity,4449
atoke,4448
olent,4448
solan,4448
laden,4448
teach,4448
timer,4447
sweat,4447
suety,4447
snort,4447
acute,4446
anime,4446
raphe,4446
stein,4446
sowle,4446
snail,4446
smart,4445
liars,4444
pilea,4444
otary,4444
satyr,4444
snirt,4443
trash,4443
yates,4442
triol,4442
coney,4442
salon,4442
diner,4442
bales,4441
cairn,4441
ragde,4441
loran,4440
losen,4440
petal,4440
caneh,4440
soily,4440
tyler,4439
heard,4439
miler,4437
utile,4437
redan,4437
naker,4437
clies,4436
twire,4436
padle,4436
spuer,4436
senti,4435
brave,4435
eards,4434
gates,4434
wears,4434
valse,4434
saith,4434
vares,4433
meany,4432
retag,4431
claro,4431
blert,4431
older,4431
beard,4431
hance,4430
liney,4429
swole,4429
brent,4429
stain,4429
besat,4428
merit,4428
groat,4428
repla,4427
heals,4426
yager,4426
their,4426
prune,4426
neath,4425
fayer,4425
coper,4425
slove,4425
swile,4425
rheas,4424
yales,4424
rotan,4424
steno,4424
mates,4424
fader,4424
pride,4424
blade,4424
resin,4423
teads,4423
santo,4423
taube,4422
lades,4422
heats,4422
naled,4422
cesta,4421
stoep,4421
laxer,4421
raped,4421
slive,4421
tache,4420
bores,4420
clast,4420
paeon,4419
feria,4419
cased,4419
shule,4419
panes,4418
beals,4418
fared,4418
beano,4417
aglet,4416
gales,4416
tames,4416
salut,4416
shoat,4416
tarns,4415
oracy,4415
story,4415
shute,4415
acers,4414
snead,4414
yeard,4414
beats,4414
blart,4414
beaut,4413
riled,4413
eland,4413
teins,4413
yrent,4412
macle,4412
brant,4412
tower,4411
aunes,4410
scena,4410
drail,4410
arefy,4410
caned,4410
gamer,4410
snipe,4410
sprue,4410
grave,4410
inure,4409
plage,4409
laris,4408
lures,4407
raven,4407
rhies,4406
males,4406
tails,4406
basen,4405
rahed,4405
toker,4405
freit,4405
coaly,4405
cotes,4404
certs,4404
trued,4404
yores,4403
ceros,4403
deist,4401
biner,4401
lepra,4400
crues,4400
acred,4400
awner,4400
purse,4400
erics,4399
rowie,4399
garbe,4399
glade,4399
rotas,4398
alkie,4398
roily,4398
shave,4398
hayle,4397
rakes,4397
troad,4397
avise,4396
camel,4396
peril,4395
gores,4395
flote,4395
cream,4395
skite,4395
praty,4395
tepal,4394
cheat,4394
twoer,4394
poake,4393
geals,4393
triad,4393
nosey,4392
ratos,4392
sharn,4392
froes,4392
delay,4392
shent,4392
artis,4391
lites,4391
flite,4391
toled,4390
twier,4390
sieth,4390
rents,4389
crias,4389
geats,4389
bayle,4389
renos,4388
peans,4388
fries,4388
naive,4388
escar,4387
ablet,4387
grant,4387
coles,4386
alecs,4386
hoary,4386
clave,4386
mores,4385
frena,4385
feuar,4384
triac,4384
raged,4384
sined,4384
spice,4384
urial,4383
istle,4383
meals,4383
sabed,4383
sprat,4383
tines,4382
stoke,4382
slept,4382
deans,4381
prial,4381
tabes,4381
cagey,4381
raves,4381
ovate,4380
quare,4380
comer,4380
scute,4380
eloin,4379
amice,4379
meats,4379
singe,4378
dairy,4377
buret,4377
coria,4376
kaies,4376
spean,4376
shyer,4376
crost,4376
parve,4376
bride,4376
stoai,4375
bosie,4375
miser,4375
liger,4375
sabir,4375
doest,4375
harem,4375
filer,4375
armed,4375
force,4375
enrol,4374
arish,4374
eruct,4374
suber,4374
aspie,4373
rules,4373
steam,4373
trend,4373
aides,4372
inlet,4372
rouge,4372
carny,4372
chile,4372
vitae,4371
velar,4371
solve,4371
banes,4370
creak,4370
islet,4369
brail,4369
repot,4369
shred,4369
corbe,4369
eclat,4368
trefa,4368
leach,4368
sowne,4368
heist,4368
reaks,4367
rodes,4367
sutra,4367
pried,4367
ashet,4366
bonie,4366
miner,4366
aroid,4364
sield,4364
nicer,4363
cider,4363
lunet,4362
fates,4362
pacey,4360
airts,4359
torah,4358
pagle,4358
wader,4358
metal,4357
scent,4357
hotel,4356
avert,4356
poley,4355
chose,4355
sorex,4355
onery,4354
haets,4354
facet,4354
spelt,4354
goary,4353
lucre,4352
crans,4352
cutie,4352
poule,4352
burse,4352
wared,4352
reman,4351
penal,4351
belay,4351
prime,4351
blame,4351
gride,4351
teams,4350
baels,4350
pieta,4349
sheol,4349
morat,4349
sorda,4348
botel,4348
steak,4348
drome,4348
voile,4347
swart,4347
swine,4347
nerts,4345
notes,4345
voter,4345
hairy,4344
grail,4344
angle,4344
tilde,4344
caron,4344
pawer,4344
spake,4344
onset,4343
leads,4343
culet,4343
cavie,4342
slaid,4342
moste,4341
pated,4341
logie,4340
folie,4340
beans,4340
fouer,4340
scant,4340
laird,4339
kesar,4339
avine,4339
teloi,4337
arson,4337
bread,4337
spalt,4337
lames,4336
larns,4335
tubae,4335
manes,4335
geist,4335
erbia,4334
glair,4334
waney,4334
bluer,4334
telos,4333
apers,4333
tonal,4333
short,4333
cades,4332
liber,4332
monte,4332
spait,4332
monie,4331
sweal,4331
lower,4331
daker,4331
soapy,4329
shirt,4329
tuyer,4328
sneap,4328
tosed,4328
tains,4328
amies,4327
noles,4327
anted,4327
aygre,4326
ropes,4326
unite,4326
pelta,4325
hires,4325
scray,4325
hoast,4325
remit,4324
anker,4324
douse,4324
ergot,4324
yeans,4323
cameo,4323
rices,4323
carls,4323
fores,4323
paled,4323
wrest,4323
opter,4322
waide,4322
wries,4322
paver,4322
entia,4321
ceils,4321
polar,4321
asker,4321
denay,4321
feals,4321
piste,4321
skart,4321
serif,4320
stove,4320
death,4319
carts,4319
gruel,4319
toned,4319
horde,4319
delta,4318
gilet,4318
bathe,4318
noria,4317
sehri,4317
feats,4317
cures,4317
rosit,4317
slued,4317
boast,4317
opera,4316
astir,4316
poral,4316
diary,4316
stive,4316
holey,4315
cones,4315
geans,4315
rudie,4315
laced,4315
ileac,4314
snoep,4314
puler,4314
stroy,4314
shaly,4314
entry,4313
motel,4313
simar,4313
vaute,4313
taroc,4313
rifle,4313
strew,4313
cloye,4312
meril,4312
regna,4312
maple,4312
grope,4312
liras,4311
chert,4311
borde,4311
lirot,4310
enarm,4310
rohes,4310
parol,4310
inset,4310
preon,4310
doers,4309
goest,4309
sweir,4309
gluer,4309
lover,4309
rifte,4309
gripe,4308
pryse,4307
brome,4307
whale,4306
spyre,4306
wrast,4306
means,4305
bagie,4305
turme,4305
sixer,4305
rants,4304
axile,4304
sargo,4304
boule,4304
finer,4304
ranis,4303
gerah,4303
spule,4303
heirs,4302
lines,4302
runes,4302
arnut,4302
deash,4302
sopra,4302
sizer,4302
pored,4302
aloin,4301
lyart,4301
hated,4301
cites,4301
leaps,4300
axite,4300
shoal,4300
shope,4300
koine,4299
crept,4299
twaes,4298
serow,4298
taken,4297
scail,4297
vealy,4297
pleas,4296
trois,4296
porge,4296
fetal,4295
taped,4295
braze,4295
eyras,4294
azole,4294
aleft,4294
swage,4294
chine,4294
calve,4294
chart,4294
apode,4293
oldie,4293
posey,4293
bated,4293
trios,4292
rowel,4292
derny,4292
parly,4292
mahoe,4291
house,4291
capes,4291
safed,4291
crude,4291
azote,4290
motey,4290
loans,4290
baker,4290
email,4289
novae,4289
rebit,4289
sofar,4289
strad,4288
leaky,4288
party,4288
tansy,4288
etnas,4287
tapir,4287
tiled,4287
almes,4286
drain,4286
solah,4286
shoed,4286
airns,4285
tyres,4284
relic,4284
poney,4284
clipe,4284
haled,4283
aport,4283
smelt,4283
bouse,4283
rivet,4283
mires,4282
haver,4282
shied,4282
olein,4281
recto,4281
curat,4281
tolan,4280
rogue,4280
wager,4280
bract,4280
probe,4280
deity,4279
sawed,4279
scaly,4279
urali,4278
coati,4278
liard,4278
oncer,4278
renga,4278
wales,4278
genal,4278
coals,4278
beath,4278
plies,4278
plait,4278
carex,4278
grime,4278
amuse,4277
mesal,4277
agley,4277
sowar,4277
horal,4276
hosel,4276
hoers,4276
redly,4276
scaur,4276
spent,4276
plena,4275
hable,4275
snoke,4275
baled,4275
abies,4274
intel,4274
talon,4274
coats,4274
towie,4273
fanes,4273
bolar,4273
dolce,4273
leafy,4273
fetor,4273
crash,4273
pelas,4272
kiter,4272
sepoy,4272
frail,4272
cluey,4272
roils,4271
ament,4271
epact,4271
hepar,4271
takes,4271
copse,4271
leams,4270
clied,4270
graze,4270
uraos,4269
other,4269
stude,4269
gated,4268
boral,4268
meint,4268
prats,4268
praos,4267
krait,4267
tians,4267
youse,4266
ulcer,4266
paint,4266
smalt,4266
scope,4265
rides,4264
skiey,4264
eosin,4263
feist,4263
flair,4262
plast,4262
drats,4261
guile,4261
chape,4261
lento,4260
estro,4260
heald,4260
gator,4260
chiel,4260
doper,4260
naris,4259
hoars,4259
sutor,4259
daint,4259
segol,4258
mated,4258
varec,4258
pairs,4257
layed,4257
dicer,4257
towse,4257
saved,4257
canst,4257
traik,4256
acnes,4255
weals,4255
maker,4255
idler,4254
cages,4254
tolas,4254
leish,4254
sewan,4254
clime,4254
flame,4254
bored,4254
hosey,4253
spred,4253
livre,4252
paned,4252
boars,4251
comet,4251
ardeb,4251
enlit,4250
lithe,4250
cogie,4250
tamed,4250
galed,4250
glary,4250
glean,4249
ripen,4249
muter,4249
caird,4249
tardy,4249
savor,4249
taish,4249
losed,4248
mouse,4248
stark,4248
agent,4247
tules,4247
wiser,4247
teind,4247
opine,4246
cames,4246
potes,4246
argot,4246
robes,4246
sepad,4246
perts,4246
ploat,4246
horme,4246
filet,4246
sabot,4246
proke,4246
peris,4245
carns,4245
brain,4245
samek,4245
loirs,4244
honey,4244
tepas,4244
spray,4244
goral,4243
goers,4243
poesy,4243
meath,4243
comte,4243
betas,4242
nites,4242
gable,4242
teaks,4241
sneak,4241
lured,4241
salic,4241
cower,4241
lifer,4240
guise,4240
maist,4240
dotes,4239
chair,4239
fairy,4239
droke,4239
agers,4238
deros,4238
molar,4238
coted,4238
owrie,4237
saheb,4237
grein,4237
staid,4237
noels,4236
breis,4236
ither,4236
boney,4236
sowce,4236
aizle,4235
reply,4235
proas,4235
bairn,4235
cavel,4235
sarky,4235
rozet,4234
ousel,4233
moers,4233
moral,4233
paces,4233
speil,4233
longe,4233
stour,4233
sadly,4233
moira,4232
napes,4232
angel,4232
hoten,4232
raxes,4232
ferly,4232
vaper,4232
helot,4231
zonae,4231
heron,4231
resid,4231
resod,4231
blest,4231
raked,4231
euros,4230
rueda,4230
axone,4230
dream,4230
arked,4230
eniac,4229
recon,4229
trads,4229
razes,4229
gored,4229
lotsa,4228
poles,4228
cakey,4228
loath,4228
roach,4228
oners,4227
treys,4227
snoek,4227
hoper,4227
spode,4227
droit,4227
daces,4226
zante,4226
niger,4226
begar,4226
leavy,4226
haint,4226
stupe,4226
lited,4225
roust,4225
dwale,4225
moder,4225
abuse,4224
scran,4224
viler,4224
troak,4224
atony,4224
rhime,4224
debar,4224
parev,4224
seiza,4223
airth,4223
ripes,4223
kales,4223
trons,4223
proem,4223
spide,4223
liker,4222
cutey,4222
fried,4222
doles,4221
resaw,4221
fires,4220
grain,4220
coled,4220
brats,4220
porta,4219
trins,4219
cover,4219
pilar,4218
amide,4218
recap,4218
surly,4218
ering,4218
prost,4218
lepta,4217
hairs,4217
getas,4217
shorl,4217
surah,4217
sherd,4217
sport,4217
royal,4216
artic,4216
peony,4216
tined,4216
spail,4216
sonly,4216
torsi,4215
irony,4215
raved,4215
fayne,4214
blast,4214
piers,4213
rajes,4213
based,4213
spirt,4213
azine,4212
cines,4212
rewan,4212
amort,4212
coble,4212
petri,4211
dhole,4211
fouet,4211
herls,4210
trays,4210
mosey,4210
selva,4210
foley,4210
moray,4210
tinge,4210
abers,4209
ogler,4209
reign,4209
ponce,4209
marly,4209
recti,4208
bigae,4208
servo,4208
wanes,4207
ruled,4207
tabor,4207
shola,4207
foule,4207
plyer,4206
liver,4206
tuber,4206
feint,4206
telco,4205
heros,4205
henry,4205
plant,4205
bluet,4205
lyres,4204
liens,4204
orgue,4204
soken,4204
toady,4204
baned,4204
roads,4203
recut,4203
kores,4202
strap,4202
croze,4202
metro,4201
money,4201
quale,4201
topes,4200
reink,4200
shard,4200
saucy,4200
coxae,4199
tardo,4199
maneh,4199
ruble,4199
verst,4199
warst,4199
botes,4198
volet,4198
thars,4198
bloat,4198
bagel,4198
broke,4198
daily,4198
quate,4197
tices,4197
refit,4197
usage,4196
fated,4196
oaken,4195
dorsa,4195
fiery,4195
notal,4193
roins,4193
vales,4193
faker,4193
lotas,4192
ciels,4192
suint,4192
lakes,4191
nache,4191
ankle,4191
treif,4191
untie,4190
volte,4190
yenta,4189
lunar,4189
melas,4189
moten,4189
bream,4189
holes,4188
groan,4188
ocean,4187
lenti,4187
names,4187
ukase,4187
goety,4187
loden,4187
absey,4186
loupe,4186
laith,4186
traps,4186
dirge,4186
whore,4186
adieu,4185
oiled,4185
chela,4185
lutes,4185
swelt,4185
gairs,4184
value,4184
moper,4184
prove,4184
trank,4183
fract,4183
lenos,4182
lenis,4182
heady,4182
homer,4182
unlet,4181
skean,4181
stend,4181
piney,4181
genoa,4180
ideal,4180
boles,4180
spial,4180
silty,4180
crony,4180
sluit,4180
noted,4179
twine,4179
hilar,4178
acted,4178
rimes,4178
azure,4178
mased,4178
flary,4178
weans,4177
lowse,4177
nails,4177
daisy,4177
faver,4177
drove,4177
douar,4176
reify,4176
tunes,4176
navel,4176
onely,4175
hoied,4175
laves,4175
acker,4175
aegis,4174
mairs,4174
blent,4174
beady,4174
yarto,4173
trems,4173
gloat,4173
drive,4173
perns,4172
loued,4172
glute,4172
menta,4171
lovie,4171
kayle,4171
clats,4171
cento,4170
actor,4170
tragi,4170
redon,4170
veals,4170
erupt,4170
lamed,4170
claut,4170
goaty,4170
talcy,4170
fable,4170
abode,4169
luger,4169
grues,4169
muser,4169
maned,4169
lardy,4169
grike,4169
riots,4168
rowen,4168
sixte,4168
merls,4167
abune,4167
rivel,4167
towel,4166
korat,4166
barny,4166
spied,4166
biers,4165
abide,4165
derns,4165
parti,4165
freon,4165
hider,4165
sidhe,4165
hiant,4165
haily,4165
celts,4164
foyer,4164
salop,4164
break,4164
stand,4164
ligne,4164
rauns,4163
motes,4163
toges,4163
brens,4163
mange,4163
staun,4163
dazer,4163
meris,4162
raids,4161
lodes,4161
leaks,4161
besot,4161
manor,4161
serum,4161
besit,4161
parts,4161
bonce,4161
snath,4161
usnea,4160
nairu,4160
elsin,4160
paris,4160
crepy,4160
cadge,4160
roped,4160
pulse,4160
urnal,4159
decal,4159
trawl,4159
abort,4159
hired,4159
pures,4159
telic,4158
cosed,4158
cains,4158
stony,4158
pones,4157
piety,4157
riced,4157
griot,4157
bider,4157
print,4157
deils,4156
trams,4156
wried,4156
goles,4155
tomes,4155
poyse,4155
slype,4155
chary,4155
pioye,4154
mensa,4154
ploye,4154
darts,4154
wires,4154
togue,4154
coirs,4154
whear,4154
ferny,4154
oaves,4153
daris,4153
noble,4153
tuple,4153
credo,4153
dulse,4153
viner,4153
auris,4152
hosen,4152
nabes,4152
kanes,4152
dures,4152
orach,4152
lidar,4151
neaps,4151
fleas,4151
olive,4151
shmoe,4151
butle,4151
cured,4151
forge,4151
maces,4150
almeh,4150
hawse,4150
ulnar,4149
oncet,4149
nugae,4149
glent,4149
tarok,4149
cital,4149
cloke,4149
coned,4149
gomer,4149
foray,4148
loris,4147
beaus,4147
enols,4146
vireo,4146
leafs,4146
latex,4146
brans,4146
roven,4146
leman,4145
moles,4145
theca,4145
fetas,4145
tehrs,4145
toils,4145
clues,4145
urned,4145
wafer,4145
flake,4145
redos,4144
racon,4144
karst,4144
spect,4144
ribes,4143
conge,4143
splat,4143
crapy,4143
aspen,4142
gamey,4142
strag,4141
snark,4141
grist,4141
forme,4141
dinar,4140
frets,4140
phone,4140
platy,4140
heapy,4139
coude,4139
tides,4138
grens,4138
baron,4138
ahint,4138
iotas,4137
floes,4137
ranid,4137
voice,4137
decor,4137
radio,4136
ethal,4136
rotls,4136
hoyle,4136
altos,4136
tauon,4136
decay,4136
rokes,4136
dites,4136
retch,4136
runed,4136
lined,4136
moria,4135
owler,4135
retax,4135
cited,4135
douce,4135
stoln,4135
canty,4135
hades,4134
terms,4134
bepat,4134
fiest,4134
poets,4133
truly,4133
lobar,4133
flies,4133
amber,4133
prude,4133
tyers,4132
herns,4132
draco,4132
giant,4132
gaily,4132
rotis,4131
trild,4131
narco,4131
weirs,4131
argil,4130
argol,4130
roams,4130
ofter,4130
plead,4130
hazer,4130
coapt,4130
tirls,4129
romal,4129
repin,4129
meiny,4129
powre,4129
court,4129
cauri,4128
genas,4128
adobe,4128
sayon,4128
cotan,4128
craft,4128
bohea,4127
bayes,4127
labor,4127
frati,4127
waker,4127
bodle,4127
ashen,4126
horas,4126
ratus,4126
ounce,4126
legit,4126
crout,4126
harls,4125
exalt,4125
piles,4125
caped,4125
tiros,4124
acorn,4124
rhyne,4123
heils,4123
crits,4123
frats,4123
armil,4122
crios,4122
vanes,4122
genro,4122
slang,4122
ceiba,4121
ables,4121
grans,4121
harts,4121
faint,4121
haros,4120
aimed,4120
lopes,4120
algor,4120
roves,4120
lowne,4120
peach,4120
dewar,4120
ysame,4119
cafes,4119
unset,4119
pusle,4119
festa,4118
tyred,4118
boras,4118
derma,4118
arcos,4117
hones,4117
relax,4117
siroc,4117
laics,4116
mired,4116
sprit,4116
nerka,4115
sugar,4115
strak,4115
uteri,4114
sharp,4114
riyal,4113
unary,4113
jasey,4113
fairs,4112
incle,4112
segno,4112
gulet,4112
craig,4112
dimer,4112
waled,4112
bulse,4112
prief,4112
waist,4112
plied,4112
ureic,4111
amrit,4111
droil,4111
tawed,4111
skyre,4111
chest,4111
waver,4111
corny,4111
grove,4111
yodle,4110
bones,4109
doats,4109
horst,4109
laevo,4108
yrneh,4108
orang,4107
pedal,4107
chafe,4107
sinew,4107
cesti,4106
taxes,4106
mpret,4106
godet,4106
sandy,4106
nerdy,4105
paedo,4104
nelis,4104
tepoy,4104
repos,4103
tryke,4103
goyle,4103
maron,4103
derth,4103
zoner,4102
gades,4101
cakes,4101
mavie,4101
baize,4101
float,4101
beamy,4101
stagy,4101
riads,4100
flute,4100
glode,4100
zoeal,4099
nosed,4099
tozie,4099
nadir,4099
limey,4099
shove,4099
siped,4099
lants,4098
upter,4098
nuder,4098
eskar,4097
apted,4097
begat,4097
borna,4097
coden,4097
clans,4097
gazer,4097
lunes,4096
gynae,4096
pages,4096
coupe,4096
halve,4096
glide,4096
bialy,4096
slank,4096
noirs,4095
cutes,4095
bites,4095
shive,4095
moyle,4093
goras,4093
cents,4093
mulie,4093
hoard,4093
shorn,4093
ybore,4092
sdein,4092
ridge,4092
spain,4092
shrew,4092
shura,4091
metol,4090
avers,4090
zlote,4090
covet,4090
staig,4090
image,4089
peons,4089
litas,4089
acned,4089
sythe,4089
drily,4089
weald,4089
howre,4089
irons,4088
faces,4088
belah,4088
caged,4088
vairy,4088
garis,4087
yealm,4087
dotal,4087
daube,4087
tajes,4087
rubel,4087
japer,4087
clove,4087
mazer,4087
paoli,4086
rayon,4086
geits,4086
herma,4085
radon,4085
boets,4085
canto,4085
peins,4085
dogie,4085
caves,4085
nasty,4085
board,4085
lerps,4084
naric,4084
colas,4084
ergon,4084
mercy,4084
spard,4084
loges,4083
moras,4083
phage,4083
power,4083
drupe,4083
marls,4082
dames,4081
trabs,4081
coarb,4081
crust,4081
oleic,4080
darns,4080
tinas,4080
loury,4080
ample,4080
poted,4080
robed,4080
ultra,4079
wetas,4079
loche,4079
slorm,4079
tarps,4079
scarp,4079
cardy,4079
prosy,4079
eusol,4078
yites,4078
orfes,4078
calos,4078
marts,4078
waive,4078
pails,4078
souct,4078
rosin,4077
tuina,4077
toads,4077
biles,4077
quire,4077
poker,4077
mulse,4077
warty,4077
fient,4077
chute,4077
pelau,4076
keirs,4076
toyed,4076
creds,4076
mures,4076
doilt,4076
dower,4076
lomes,4075
costa,4075
renig,4075
darcy,4075
sloth,4074
spiry,4074
filar,4073
remap,4073
frost,4073
beach,4072
codes,4071
flora,4071
pesty,4071
smaze,4071
ulyie,4070
gites,4070
broil,4070
breid,4070
patly,4070
vires,4069
frist,4069
stalk,4069
fiers,4068
glaur,4068
canso,4068
treck,4068
boats,4068
curia,4067
rolag,4067
larch,4067
paced,4067
freak,4067
dirke,4067
brash,4067
regos,4066
naped,4066
maize,4066
today,4066
diact,4066
raxed,4066
shaul,4066
bluey,4066
lehrs,4065
conia,4065
skyer,4065
aryls,4064
goels,4064
reiks,4064
minar,4064
anils,4064
treks,4064
owner,4064
randy,4064
brief,4064
refly,4063
razed,4063
ryals,4062
olden,4062
poled,4062
berth,4062
slipt,4062
gnarl,4061
flyer,4061
syker,4061
tuans,4061
mites,4060
gapes,4060
tiges,4060
tahrs,4060
erick,4060
chave,4060
chuse,4060
clint,4060
ayont,4059
ochre,4059
tophe,4059
snarf,4059
yrapt,4059
aweto,4058
intra,4058
ergos,4058
rudes,4058
scorn,4058
pucer,4058
thein,4057
riped,4057
screw,4057
sizel,4057
largo,4056
rosti,4056
lotah,4056
copen,4056
heads,4055
pleon,4055
fakie,4055
venal,4055
ogres,4054
narcs,4054
pines,4054
lurve,4054
croak,4054
fired,4054
dover,4054
decry,4053
crons,4053
braid,4053
times,4052
biome,4052
toric,4052
fiars,4051
elogy,4051
ratch,4051
track,4051
loamy,4051
melty,4050
jager,4050
yamen,4049
reifs,4049
royst,4049
bogle,4049
patsy,4049
orcas,4048
hames,4048
tronc,4048
harns,4047
beads,4047
dines,4047
goals,4047
aleck,4047
twice,4047
soman,4047
swail,4047
cruve,4047
aleph,4046
wairs,4046
gusle,4046
dault,4046
icers,4045
thirl,4045
sheaf,4045
tical,4045
gryce,4045
syver,4045
spoke,4045
predy,4045
riems,4044
homie,4044
clept,4044
bogie,4044
ronts,4043
goats,4043
talcs,4043
riven,4043
sloid,4043
shlep,4043
noily,4043
helio,4042
lards,4042
miles,4042
pecan,4042
dobie,4042
yince,4041
lovey,4041
waned,4041
gluey,4041
spike,4041
lobes,4040
crays,4040
cohen,4040
percs,4040
peaky,4040
muset,4040
prize,4040
blaze,4040
etics,4039
ervil,4039
barns,4039
segni,4039
grief,4039
acerb,4038
hails,4038
plain,4038
natis,4037
beins,4037
chant,4037
token,4036
styed,4036
cuber,4036
decan,4035
antsy,4035
wroke,4035
bower,4035
weros,4034
toped,4034
coady,4034
spilt,4034
syboe,4033
creps,4033
tours,4033
moats,4033
peags,4032
clerk,4032
stirp,4032
yages,4031
pelon,4031
foyle,4031
ticed,4031
lawed,4031
brosy,4031
palsy,4031
ideas,4030
oyers,4030
yeads,4030
copes,4030
piets,4030
bails,4030
raspy,4030
fades,4029
swaly,4029
alefs,4028
chars,4028
bidet,4028
lycea,4027
nirly,4027
diels,4027
ferns,4027
clapt,4027
shark,4027
porty,4027
diota,4026
abets,4026
adorn,4026
yaird,4026
naves,4026
laxes,4026
trews,4026
baits,4026
wheat,4025
volar,4025
laked,4025
saick,4025
ketas,4024
medal,4024
diets,4023
lazes,4023
doseh,4023
thali,4023
rebut,4023
mince,4023
glime,4023
yarns,4022
rends,4022
holed,4022
torcs,4022
loach,4022
gofer,4022
skort,4022
noisy,4022
hoist,4022
pesto,4021
jeats,4021
nagor,4021
fecal,4021
named,4021
hover,4021
broad,4021
skail,4021
ajies,4020
emirs,4020
farls,4020
styme,4020
overt,4020
dorty,4020
luted,4019
valor,4019
garni,4018
sowed,4018
skirt,4018
clash,4018
doura,4017
lipes,4017
rives,4017
stang,4017
piano,4016
zeals,4016
kaneh,4016
farts,4016
craps,4016
front,4016
patio,4015
faros,4015
games,4015
glaze,4015
drony,4015
syrah,4014
nepit,4014
benty,4014
flirt,4014
noyes,4013
mages,4013
ocher,4013
fleur,4013
plats,4013
hault,4013
crank,4013
agues,4012
nodes,4012
yoker,4012
heaps,4012
meads,4012
fones,4012
rimed,4012
silex,4012
brume,4012
scath,4012
lieus,4011
enorm,4011
speak,4011
straw,4011
giber,4011
swipe,4011
shily,4011
tokes,4010
cunei,4010
verso,4010
terfs,4010
dials,4010
tuned,4010
coram,4010
stipa,4010
tripy,4010
gaols,4009
payed,4009
mache,4009
spina,4009
laved,4009
tyran,4008
cants,4008
shiur,4008
moues,4007
puers,4007
whole,4007
owlet,4006
holme,4006
pelts,4006
argon,4006
bines,4006
sabin,4006
perdy,4006
amens,4005
alews,4005
roman,4005
sengi,4005
chode,4005
karsy,4005
point,4005
carom,4004
gavel,4004
orbed,4004
splay,4004
oaked,4003
defat,4003
ovine,4003
crems,4003
voars,4003
golpe,4003
while,4003
wrist,4003
grued,4003
meins,4002
grisy,4002
atrip,4001
krais,4001
psora,4001
beton,4001
payor,4001
praus,4001
kraut,4001
wreak,4001
gaits,4001
rangy,4001
setup,4001
chide,4001
incel,4000
dural,4000
sizar,4000
wrens,4000
posed,4000
clour,4000
amble,4000
pains,4000
guest,4000
mower,4000
delts,3999
couta,3999
ramin,3999
senza,3999
white,3999
yeahs,3998
delos,3998
delis,3998
noris,3998
yodel,3998
limen,3998
rumen,3998
curst,3998
acros,3997
outed,3997
cymae,3997
loads,3997
uredo,3997
moted,3997
toged,3997
snout,3997
crags,3996
olpes,3995
under,3995
mails,3995
deawy,3995
epris,3994
raths,3994
veily,3994
proin,3994
wider,3994
tegua,3993
pruta,3993
supra,3993
sango,3993
pured,3993
tacos,3992
beaky,3992
dopey,3992
brize,3992
escot,3991
chirt,3991
stank,3991
afrit,3990
doeth,3990
prion,3990
blain,3990
adept,3989
urges,3989
unred,3989
dicey,3989
genty,3989
lodge,3989
solid,3989
skoal,3989
crawl,3989
felty,3988
capot,3988
corni,3988
wired,3988
spacy,3988
leuco,3987
loins,3987
sewin,3987
plues,3987
fresh,3987
larky,3987
civet,3987
purge,3987
grume,3987
crith,3987
tidal,3986
kiley,3986
crams,3986
whose,3986
scald,3986
pasty,3986
biota,3985
yerba,3985
comes,3985
fibre,3985
dital,3984
cogue,3984
nitry,3984
corns,3984
stoma,3984
maced,3984
agist,3984
duars,3983
belon,3983
cigar,3983
sigla,3983
lytes,3982
blets,3982
talus,3982
vlies,3982
ragis,3981
hemal,3981
lemur,3981
salmi,3981
savoy,3981
rouls,3980
owres,3980
files,3980
model,3980
gault,3980
laich,3980
brand,3980
apiol,3979
keros,3979
raiks,3979
kasme,3979
moled,3979
clued,3979
moist,3979
borty,3979
nerds,3978
amove,3978
rehab,3978
daric,3978
aloft,3978
peavy,3978
mover,3978
auric,3977
janes,3977
scour,3977
panty,3977
ouens,3976
routs,3976
ruche,3976
sprew,3976
rowed,3976
cimar,3975
syned,3975
coils,3975
foals,3975
ingle,3975
beams,3974
piker,3974
smoke,3974
storm,3974
oscar,3973
tynes,3973
ramis,3973
infer,3973
loric,3972
limes,3972
negro,3972
rumes,3972
taigs,3972
premy,3972
dolia,3971
mines,3971
moble,3971
coits,3971
skied,3971
nemas,3970
mabes,3970
sepic,3970
winey,3970
roked,3970
horsy,3970
briny,3970
hayed,3969
aunty,3969
fluey,3969
cides,3968
daunt,3968
dawen,3968
yarco,3967
huers,3967
vesta,3967
diker,3967
smolt,3967
flied,3967
grize,3967
ornis,3966
mobie,3966
buteo,3966
cargo,3966
oxter,3966
rawly,3966
helos,3965
atocs,3965
kebar,3965
monde,3965
weird,3965
blats,3965
malty,3965
bento,3964
onlay,3964
copra,3964
patin,3964
dulce,3964
curve,3964
slack,3964
orgia,3963
wades,3963
muley,3963
draft,3963
beryl,3962
ranch,3962
pogey,3962
waxer,3962
erugo,3961
vairs,3961
bayed,3961
torus,3961
stewy,3961
hosed,3960
uptie,3960
nudie,3960
hains,3960
basil,3960
shend,3960
rowme,3960
pansy,3960
tousy,3960
cirls,3959
daurs,3959
boyar,3959
maneb,3959
moans,3959
piled,3959
yetis,3958
levas,3958
belts,3958
thens,3958
mercs,3957
ileus,3956
gleis,3956
pyres,3956
cardi,3956
ident,3956
vaned,3956
inker,3955
laids,3955
abled,3955
dogey,3955
grand,3955
aches,3954
resow,3954
cyder,3954
loped,3954
badge,3954
roved,3954
etuis,3953
lours,3953
foyne,3953
sperm,3953
paven,3953
wiper,3953
porny,3953
cards,3952
weils,3952
menad,3952
buyer,3952
garth,3952
globe,3952
fogle,3952
goura,3951
edict,3951
honed,3951
covey,3951
sprad,3951
pedro,3951
cagot,3951
glory,3951
visne,3951
duper,3951
diver,3951
votes,3950
verts,3950
warts,3950
spaul,3950
zoeas,3949
tauld,3949
stork,3949
melon,3948
krona,3948
skran,3948
kyrie,3947
kiers,3947
jeans,3947
fogie,3947
softa,3947
cloze,3947
senvy,3947
cetyl,3946
regma,3946
scrap,3946
daven,3946
hasty,3946
eyots,3945
hovea,3945
rewon,3945
rewin,3945
cauls,3945
stirk,3945
elops,3944
wetly,3944
fames,3943
roque,3943
bloke,3943
dowle,3943
boned,3943
shand,3943
shady,3943
amirs,3942
awoke,3942
apron,3942
graip,3942
carob,3942
crusy,3942
yelts,3941
ulans,3941
cawed,3941
thans,3941
metis,3940
meith,3940
taxed,3940
trigo,3940
choir,3940
pokie,3939
fuero,3939
gular,3939
idant,3939
blues,3939
pians,3939
plans,3939
fiber,3939
rabis,3938
mesto,3938
heavy,3938
dowie,3938
worst,3938
rands,3937
isled,3937
organ,3937
matlo,3937
baric,3937
rubes,3937
gorsy,3937
farcy,3937
doily,3937
sauch,3937
lowes,3936
sayid,3936
ayelp,3935
usher,3935
pents,3935
caked,3935
strop,3935
strip,3935
haunt,3935
lehua,3934
ashed,3934
emacs,3934
nitro,3934
penis,3934
hiker,3934
gelts,3933
doyen,3933
fails,3933
shiny,3933
voles,3932
wites,3932
taxor,3932
perog,3932
favel,3932
refis,3931
datos,3931
inlay,3931
carby,3931
taiko,3930
autos,3930
lokes,3930
letch,3930
trods,3930
paged,3930
mento,3929
cozie,3929
stoic,3929
banty,3929
dents,3928
swirl,3928
skyte,3928
krans,3928
chime,3928
elvan,3927
denis,3927
panto,3927
paves,3927
gains,3927
slopy,3927
media,3926
omers,3926
nomes,3926
mayed,3926
festy,3926
biker,3926
grasp,3926
vomer,3926
sudor,3926
ecads,3925
acmes,3925
above,3925
scend,3925
touze,3925
fakey,3925
marsh,3925
derig,3925
thorn,3925
porin,3925
whine,3925
fatly,3925
coeds,3924
antis,3924
mural,3924
flyte,3924
goeth,3924
loams,3924
ganef,3924
lunge,3924
threw,3924
melts,3923
mohel,3923
twyer,3923
geoid,3923
swain,3923
ylike,3922
monal,3922
faced,3922
dowse,3922
speld,3922
dwile,3922
spurt,3922
uncle,3921
tench,3921
baken,3921
wrath,3921
groin,3921
pardy,3921
latus,3920
palis,3920
danio,3919
extra,3919
azide,3919
pules,3919
madge,3919
caved,3919
baurs,3918
mayor,3918
hiver,3918
viral,3917
viers,3917
guars,3917
mosed,3917
mains,3917
brits,3917
spoil,3917
dirty,3917
foist,3917
auloi,3916
brios,3916
noils,3916
baton,3916
dovie,3916
mopey,3916
veiny,3916
exact,3915
novel,3915
mauve,3915
sward,3915
lathy,3915
genua,3914
haems,3914
loves,3914
wiles,3914
homey,3914
dalts,3914
glues,3914
skein,3914
bogey,3914
glike,3914
ascot,3913
carpi,3913
dalis,3913
peaks,3913
haven,3913
horny,3913
wrapt,3913
aulos,3912
dules,3912
sohur,3912
calid,3912
grapy,3912
ulema,3911
geyan,3911
thema,3911
avels,3911
luces,3911
gnars,3911
troys,3911
marid,3911
joule,3911
crabs,3911
vawte,3911
biled,3911
spark,3911
blist,3911
capri,3910
scarf,3910
mured,3910
alods,3909
wheal,3909
nides,3909
fouat,3909
gleam,3909
embar,3909
fines,3909
lomed,3909
carps,3909
bleak,3909
sonic,3909
byres,3908
kades,3908
sheva,3908
depot,3908
nixer,3908
lordy,3908
scand,3908
fault,3908
ketol,3907
tikes,3907
eldin,3907
coyed,3906
halon,3906
kerns,3906
yourt,3906
bowet,3906
tomia,3905
chyle,3905
signa,3905
bilge,3905
spald,3905
ostia,3904
korai,3904
raupo,3904
tubar,3904
symar,3904
tramp,3904
perch,3904
hakes,3903
glias,3903
warez,3903
vired,3903
masty,3903
skirl,3902
quiet,3902
gaunt,3902
clasp,3902
dozer,3902
therm,3901
prads,3901
first,3901
nirls,3900
pilao,3900
koras,3900
roids,3900
besti,3900
ports,3900
punce,3900
scalp,3900
shakt,3900
preys,3899
froze,3899
quote,3898
manly,3898
centu,3897
bowie,3897
tranq,3897
jaker,3897
coins,3897
graft,3897
virge,3897
tends,3896
botas,3896
grots,3896
hents,3895
bakes,3895
karts,3895
wince,3895
grout,3895
frize,3895
karos,3894
gaped,3894
quite,3894
sapid,3894
manty,3894
owies,3893
lynes,3893
nards,3893
gaurs,3893
dorts,3893
dunce,3893
slimy,3893
cytes,3892
adoze,3892
dreys,3892
orval,3892
doris,3892
redip,3892
tapis,3892
grits,3892
amour,3891
edits,3891
bruit,3891
deman,3890
cleft,3890
glost,3890
guide,3890
baith,3890
axles,3889
texas,3889
along,3889
butes,3889
upset,3889
flota,3888
lions,3888
basto,3888
atopy,3888
pined,3888
mauri,3887
haves,3887
bents,3887
meson,3886
naevi,3886
felon,3886
benis,3886
timed,3886
amity,3886
torch,3886
pricy,3886
chiao,3885
scrag,3885
wages,3885
pelma,3885
hazel,3885
giver,3885
shaft,3885
ruins,3884
rebuy,3884
scram,3884
cobra,3884
tharm,3884
tronk,3884
gryde,3884
sedgy,3884
onces,3883
gyres,3883
glens,3883
salvo,3883
trips,3883
shout,3883
hamed,3882
prays,3882
wersh,3882
forty,3882
south,3882
eidos,3881
carbo,3881
halts,3881
matin,3881
hardy,3881
huger,3881
prang,3881
bowse,3881
yowie,3880
inerm,3880
halos,3880
layin,3880
curly,3880
ghest,3880
savin,3880
lousy,3880
hules,3879
toman,3879
flory,3879
lemon,3878
rangi,3878
norma,3878
bolas,3878
vades,3878
lovat,3878
copal,3878
brach,3878
kites,3877
wames,3877
hosta,3877
balti,3877
plesh,3877
spica,3877
blive,3877
ohias,3876
cheap,3876
warns,3876
naked,3876
femal,3876
split,3876
drays,3875
chirl,3875
sakti,3875
spued,3875
tangy,3875
brust,3875
dinge,3875
snaky,3875
rangs,3874
nazes,3874
tunas,3874
disme,3874
strig,3874
lobed,3874
sanko,3874
liang,3874
franc,3874
miens,3873
strim,3873
tamin,3873
scuta,3873
shalm,3873
bardy,3873
degas,3872
marcs,3872
clots,3872
torsk,3872
count,3872
libra,3871
koels,3871
cupel,3871
clout,3871
aitus,3870
netop,3870
fecit,3870
breds,3870
maven,3870
rusty,3870
bouge,3870
scion,3870
chain,3870
decoy,3869
lyard,3869
chola,3869
milor,3868
knarl,3868
deaws,3868
sexto,3868
retox,3868
jurel,3868
fiats,3868
clits,3868
align,3868
flats,3868
viper,3868
kelty,3867
inept,3867
musar,3867
veils,3867
orbit,3867
trogs,3867
wails,3867
rowan,3866
glans,3866
prunt,3866
woker,3866
rival,3865
dopes,3865
caids,3865
bodes,3865
beaks,3865
chota,3865
stond,3865
tynde,3864
fayed,3864
ovary,3864
coped,3864
stoun,3864
boxer,3864
inarm,3863
audit,3863
demit,3863
trigs,3863
north,3863
preif,3863
waits,3863
cours,3863
posit,3863
grufe,3863
ghast,3863
alcos,3862
dices,3862
fural,3862
gents,3862
fusel,3862
lapje,3862
chard,3862
dosai,3861
topek,3861
togas,3861
felts,3861
nervy,3861
irked,3861
thiol,3861
runty,3861
linty,3861
larks,3860
rawin,3860
nodal,3860
makes,3860
sheik,3860
laxed,3860
germy,3860
urped,3860
plash,3860
aboil,3859
idles,3859
horis,3859
kerma,3859
thief,3859
birsy,3859
spume,3859
stack,3859
atomy,3858
biont,3858
staph,3858
began,3857
rebid,3857
smerk,3857
lazed,3857
fadge,3857
octal,3856
theic,3856
fraus,3856
crews,3856
glove,3856
claim,3856
girly,3855
fains,3855
copay,3855
prank,3855
yules,3854
fatso,3854
hacek,3854
mutes,3854
atimy,3854
teuch,3854
binal,3854
crisp,3854
admen,3853
lefty,3853
liken,3853
fauve,3853
brads,3853
trims,3853
andro,3852
rapid,3852
ludes,3852
proul,3852
borts,3852
bunce,3852
arcus,3851
breys,3851
luxer,3851
draps,3851
rived,3851
derby,3851
duras,3850
inapt,3850
pants,3850
towed,3850
coven,3850
celom,3849
gamed,3849
chals,3849
cedis,3848
donas,3848
rutin,3848
dregs,3848
cleik,3848
drank,3848
scout,3848
agrin,3847
noyed,3847
rafts,3847
belga,3847
tamis,3847
galut,3847
agued,3846
gules,3846
slurp,3846
plaid,3846
yurta,3845
lifes,3845
turns,3845
bursa,3845
mirly,3845
prems,3845
latch,3845
chats,3845
toked,3844
prima,3844
manto,3844
chaos,3844
spend,3844
chais,3844
dwine,3844
aloud,3843
molas,3843
dants,3843
wines,3843
brins,3843
ombre,3843
colin,3843
wavey,3843
tozes,3842
aunts,3842
macro,3842
flues,3842
hinge,3842
ribas,3841
lythe,3841
ebony,3841
dunes,3841
golem,3841
rhino,3841
pitas,3841
grype,3841
sitka,3841
canid,3841
voila,3840
odyle,3840
fovea,3840
zetas,3840
cokes,3840
movie,3840
routh,3840
ganev,3840
amend,3839
herds,3839
ocker,3839
awned,3839
craws,3839
doula,3838
ravin,3838
lapin,3838
malts,3838
narky,3838
harpy,3838
mardy,3838
emits,3837
malis,3837
fleam,3837
vapes,3837
liven,3837
walty,3837
pebas,3836
mules,3836
bason,3836
basin,3836
mobey,3836
maybe,3835
buran,3835
tokay,3835
carvy,3835
gonia,3834
ditas,3834
brays,3834
buaze,3834
jaspe,3834
binge,3834
logia,3833
folia,3833
avens,3833
cyber,3833
comal,3833
durst,3833
hopes,3832
acrid,3831
drags,3831
dowel,3831
eilds,3830
modes,3830
begot,3830
forze,3830
blude,3830
ralph,3829
gynie,3829
glint,3829
croft,3829
rakis,3828
lohan,3828
rugal,3828
larum,3828
doges,3828
grads,3828
debit,3828
prams,3828
likes,3827
niche,3827
pomes,3827
kaury,3827
talky,3827
hyena,3826
greys,3826
goris,3826
porns,3826
aptly,3826
curio,3825
linac,3825
tango,3825
estoc,3824
coves,3824
angry,3824
drawl,3824
cloam,3824
perky,3824
bowne,3824
ictal,3823
wiels,3823
bemas,3823
bardo,3823
plica,3823
choke,3823
urged,3823
knelt,3822
kames,3822
scrab,3822
inkle,3822
pilot,3822
agros,3821
bices,3821
duels,3821
karns,3821
deism,3821
drams,3821
hogen,3821
merch,3821
obeah,3820
rumal,3820
domes,3820
blurt,3820
bield,3820
quart,3820
quine,3820
frits,3820
burke,3820
nopal,3819
mazey,3819
parch,3819
sling,3819
abrin,3818
colts,3818
herby,3818
grins,3818
duple,3818
brunt,3818
dropt,3818
duets,3817
toque,3817
clype,3817
morts,3817
fogey,3817
spiny,3817
lends,3816
lyted,3816
intro,3816
noahs,3816
altho,3815
basti,3815
gnome,3815
hadst,3815
ogles,3814
yerds,3814
farci,3814
filed,3814
dript,3814
meous,3813
erhus,3813
adits,3813
miaul,3813
fiver,3813
adios,3812
lapis,3812
tabis,3812
tilak,3812
kails,3812
gobar,3812
blash,3812
arvos,3811
lives,3811
tepid,3811
tubes,3811
hants,3810
swive,3810
mausy,3810
ecrus,3809
buras,3809
grays,3809
pokey,3809
betid,3809
aspro,3808
pargo,3808
fraim,3808
chias,3808
beigy,3808
sworn,3808
abyes,3807
tyned,3807
logan,3807
orcin,3807
salix,3807
brank,3807
treyf,3806
harim,3806
techy,3806
icker,3806
tonga,3806
limed,3806
perms,3806
doits,3806
pinta,3805
mined,3805
plume,3805
pyral,3804
carbs,3804
duals,3804
sprag,3804
clads,3804
aidos,3803
picra,3803
yield,3803
unais,3802
xenia,3802
bants,3802
chiro,3802
curny,3802
crazy,3802
stogy,3802
meynt,3801
pirls,3801
acton,3801
opals,3801
actin,3801
mason,3801
exist,3801
gimel,3801
loafs,3800
ixtle,3800
phial,3800
hurst,3800
barmy,3800
derms,3799
pouke,3799
cozey,3799
cloak,3799
minge,3799
axels,3798
pardi,3798
lurex,3798
fakes,3798
wayed,3798
clons,3798
cions,3798
braky,3798
dyers,3797
gemot,3797
omber,3797
minor,3797
nerks,3796
arums,3796
vogie,3796
vraic,3796
iftar,3795
zeros,3795
welts,3795
aitch,3795
dirls,3794
lunas,3794
pards,3794
guyle,3794
flans,3794
fruit,3794
padri,3793
soldi,3793
faith,3793
grunt,3793
slink,3793
abris,3792
lathi,3792
lumen,3792
adult,3792
daynt,3792
agony,3792
sputa,3792
poult,3792
burst,3792
vague,3791
withe,3791
laund,3791
wadge,3791
ovule,3790
dirts,3790
fents,3790
brags,3790
bowel,3790
piend,3790
rotch,3790
bevor,3790
ayins,3789
fenis,3789
mopes,3789
trayf,3789
veins,3789
wains,3789
ached,3788
tugra,3788
lozen,3788
dynel,3788
kines,3788
ahold,3788
unget,3788
laths,3788
cornu,3788
potsy,3788
stimy,3788
joles,3787
homes,3787
pauls,3787
china,3787
vower,3787
horns,3786
gauze,3785
dobes,3785
clays,3785
broth,3785
odals,3784
rewth,3784
voted,3784
clang,3784
skive,3784
surgy,3784
shelf,3783
pawed,3783
boche,3783
brawl,3783
indue,3782
vails,3782
faves,3782
lords,3781
brith,3781
shunt,3781
unmet,3780
sangh,3780
borak,3779
tanhs,3779
cauld,3779
paxes,3778
bogue,3778
frust,3778
gwine,3778
sound,3778
ephor,3777
urson,3777
spado,3777
gants,3777
famed,3777
drusy,3777
hovel,3776
benga,3776
dauts,3776
koans,3776
touns,3776
groma,3775
pumie,3775
muras,3774
luges,3774
leuch,3774
knawe,3774
dowar,3774
grebo,3774
sirup,3774
poach,3774
lomas,3773
guyse,3773
laiks,3773
hoagy,3773
mayst,3773
blued,3773
obied,3772
rabid,3772
monas,3772
idola,3771
rebop,3771
adust,3771
swept,3771
hides,3770
louts,3770
lowed,3770
carks,3770
wanly,3770
shank,3770
psoai,3769
hokey,3769
louis,3769
codas,3769
boils,3769
sneck,3769
hotly,3769
dazes,3768
bergs,3768
puker,3768
fumer,3768
candy,3768
rupia,3767
yokel,3767
rigol,3767
doxie,3767
swarm,3767
piony,3767
spout,3767
herms,3766
oaths,3766
manos,3766
manis,3766
gelid,3766
wited,3766
gibel,3766
voled,3766
wanty,3766
calmy,3766
quair,3765
loxes,3765
metic,3765
cyano,3765
scrod,3765
dancy,3764
uveal,3763
tsadi,3763
rabic,3763
cadis,3763
angst,3763
thesp,3763
amino,3762
bides,3762
pervy,3762
tawny,3762
swath,3762
often,3761
opted,3761
rawns,3761
gleba,3761
podal,3761
silva,3761
claps,3761
paved,3761
skint,3761
shaky,3761
asked,3760
twirl,3760
ryots,3759
gauje,3759
buats,3759
stich,3759
koura,3758
clegs,3758
scopa,3758
berms,3758
vines,3758
waken,3758
gambe,3758
clank,3758
curli,3757
dryas,3757
rebus,3757
rhyme,3757
nidal,3757
final,3757
vault,3757
blume,3757
chive,3757
flint,3757
rudas,3756
absit,3756
laigh,3756
lanch,3756
grith,3756
tanky,3756
waurs,3755
rejon,3755
ranks,3755
scraw,3755
grams,3755
twain,3755
forts,3755
softy,3755
lesbo,3754
overs,3754
hards,3754
thurl,3754
ulnas,3754
vertu,3754
writs,3754
toing,3754
swapt,3754
birls,3753
curls,3753
letup,3753
lengs,3753
acold,3753
puled,3753
pekan,3752
heids,3752
flors,3752
pinas,3752
tangi,3752
trock,3752
snack,3752
dewan,3751
algin,3751
anomy,3751
guard,3751
pinot,3751
lotic,3750
gilas,3750
upsey,3750
frons,3750
knave,3750
egads,3749
leuds,3749
antic,3749
unled,3749
giron,3749
spelk,3749
flirs,3748
biros,3748
clems,3748
zerda,3748
capon,3748
tangs,3748
loved,3748
wiled,3748
glued,3748
trick,3748
gript,3748
deign,3748
estop,3747
melic,3747
phyle,3747
hauls,3747
wiver,3747
bards,3746
drabs,3746
sugan,3746
shawl,3746
orixa,3744
strow,3744
boult,3744
morns,3743
hawed,3743
woald,3743
fined,3743
decos,3742
diram,3742
scapi,3742
blend,3742
viola,3741
clags,3741
tonic,3741
sized,3741
podge,3741
rahui,3740
opens,3740
kelts,3740
unlay,3740
sokah,3740
bugle,3740
tizes,3739
parky,3739
hejra,3738
furan,3738
kaons,3738
aulic,3737
guano,3737
frays,3737
lysed,3736
cursi,3736
kithe,3736
round,3736
march,3736
cloth,3736
eupad,3735
hazes,3735
nidor,3735
burnt,3735
soupy,3735
agios,3734
runts,3734
lints,3734
moils,3734
twals,3734
kains,3734
cramp,3734
miaou,3733
linos,3733
vleis,3733
jades,3733
germs,3733
dreck,3733
octan,3732
labis,3732
wakes,3732
flesh,3732
glume,3732
darky,3732
gyral,3731
lands,3731
atoms,3731
lubes,3731
lepid,3731
pewit,3731
wacke,3731
clams,3731
huias,3730
nertz,3730
moits,3730
yards,3729
pheon,3729
dreks,3729
baked,3729
third,3729
stilb,3729
girls,3728
gnats,3728
takin,3728
combe,3728
melba,3727
abord,3727
lefts,3726
mylar,3726
longa,3726
duans,3726
berko,3726
odist,3726
mixer,3726
demur,3726
built,3726
evict,3725
bland,3725
blady,3725
afros,3724
jarls,3724
fices,3724
dargs,3724
tholi,3724
girts,3724
wents,3724
being,3724
shirk,3724
clipt,3724
inula,3723
archi,3723
giros,3723
pirns,3723
axled,3723
field,3723
capos,3722
slurb,3722
caput,3722
tolus,3721
vials,3721
cives,3721
micra,3720
vilde,3720
ethos,3719
hajes,3719
besaw,3719
dobra,3719
waged,3719
stupa,3719
knars,3718
yawed,3718
jures,3718
fasti,3718
purty,3718
stong,3718
dimes,3717
levin,3717
pical,3717
doric,3717
gyred,3717
crops,3717
voema,3716
jones,3716
becap,3716
waves,3716
gloze,3716
drack,3716
ponty,3716
rivas,3715
ragus,3715
tyros,3715
pagri,3715
lipas,3715
hyper,3715
stylo,3715
scaud,3715
deify,3715
flash,3715
bliny,3715
ebons,3714
argus,3714
liefs,3714
halid,3714
plots,3714
wanze,3714
forex,3714
charm,3714
sting,3714
cronk,3714
lewis,3713
miros,3713
crips,3713
fraps,3713
spyal,3713
luach,3713
saugh,3713
oints,3712
donah,3712
tzars,3712
pervo,3712
fetid,3712
stamp,3712
narks,3711
diols,3711
harps,3711
kited,3711
wamed,3711
shako,3711
gravy,3711
snipy,3711
rioja,3710
zaris,3710
magot,3710
habit,3710
trows,3710
frank,3710
skald,3710
duroy,3710
about,3709
mobes,3709
walis,3709
polje,3709
moult,3709
hoyed,3708
alifs,3708
kyloe,3707
kylie,3707
zones,3707
ramus,3707
orpin,3707
foram,3707
prawn,3707
oxies,3706
octas,3706
pikey,3706
ahind,3706
urman,3705
tryma,3705
pours,3705
buist,3705
kauri,3704
owsen,3704
yipes,3704
fanos,3704
ligan,3704
mauls,3704
kraft,3704
nudes,3703
devas,3703
eruvs,3703
barps,3703
robin,3703
potin,3703
cunit,3703
epics,3702
gazes,3702
takis,3702
devot,3702
gryke,3702
delft,3701
guilt,3701
pursy,3701
chapt,3701
cobia,3700
tendu,3700
nazir,3700
boyed,3700
talks,3700
thaim,3700
mawed,3700
drawn,3700
mauts,3700
rindy,3700
gland,3700
glady,3700
mensh,3699
klieg,3699
dikey,3699
bulge,3699
obeli,3698
rybat,3698
query,3698
cozen,3698
dorba,3697
crogs,3697
perks,3697
flour,3697
courd,3697
urbia,3696
nifes,3696
newly,3696
liman,3696
alcid,3696
louns,3696
natch,3696
smout,3696
snift,3696
maxes,3695
vital,3695
befit,3695
choil,3695
nurls,3694
pulao,3694
neifs,3694
elfin,3694
loids,3694
kidel,3694
felid,3694
cowal,3694
poems,3693
frags,3693
bodge,3693
roupy,3693
mazes,3692
japes,3692
neigh,3692
donsy,3692
stonk,3692
moxie,3691
levis,3691
herbs,3691
cords,3691
guiro,3691
debur,3691
bunde,3691
barky,3691
rhyta,3690
pedis,3690
pohed,3690
sdayn,3690
syped,3690
fraud,3690
vasty,3690
worts,3689
chief,3689
lauch,3689
chark,3689
badly,3689
types,3688
cyans,3688
muted,3688
froth,3688
moust,3688
stink,3688
tonka,3687
taxol,3687
scold,3687
bytes,3686
genic,3686
wised,3686
bravo,3686
mesic,3685
amins,3685
doven,3685
spicy,3685
uneth,3684
dhals,3684
pluot,3684
sprod,3684
frith,3684
volta,3683
fuels,3683
comas,3683
crims,3683
juice,3683
perdu,3683
bourn,3683
fomes,3682
pokes,3682
hurly,3682
dwelt,3682
jurat,3682
capex,3682
spurn,3682
plasm,3682
lawny,3682
astun,3681
harms,3681
brond,3681
quean,3680
pyran,3680
grabs,3680
minke,3680
cowed,3680
spang,3680
techs,3679
scrip,3679
vaunt,3679
crush,3679
items,3678
unsay,3678
twerp,3678
lowry,3678
modal,3678
ditsy,3678
camis,3677
camos,3677
apish,3677
swerf,3677
wined,3677
eikon,3676
hyles,3676
voces,3676
goads,3676
tozed,3676
boric,3676
flued,3676
lanky,3676
oleum,3675
boeps,3675
coxes,3675
curns,3675
newsy,3675
fitna,3675
focal,3675
brack,3675
audio,3674
tweak,3674
tegus,3674
draws,3674
coked,3674
panic,3674
burly,3674
ascon,3673
vrils,3673
adopt,3673
prahu,3673
ickle,3673
smeik,3673
barms,3673
mirex,3673
banco,3673
lurid,3672
unarm,3672
cozes,3672
katis,3672
spahi,3672
foils,3672
tumor,3672
patus,3672
bronc,3672
eight,3671
tacho,3671
acidy,3671
braks,3671
vaped,3671
frosh,3671
winge,3671
limas,3670
ulzie,3670
urban,3670
muled,3670
wrang,3670
corby,3670
muist,3670
omens,3669
houri,3669
evils,3669
kents,3669
awols,3669
minas,3669
hauns,3669
calps,3669
kenos,3668
yuans,3668
sahib,3668
fluor,3668
domal,3668
cabin,3668
lweis,3666
vicar,3666
hoped,3666
tulsi,3666
yourn,3666
blots,3666
cavil,3666
lubra,3665
agons,3665
fermi,3665
fides,3665
hours,3665
begad,3665
rozit,3665
sodic,3665
pacts,3665
pacos,3664
lauds,3664
wolve,3664
fixer,3664
lusty,3664
sicht,3664
podia,3663
knaur,3663
puces,3663
vapor,3663
gonef,3663
dulia,3662
avize,3662
malic,3662
blits,3662
swayl,3662
cuits,3662
gytes,3661
aumil,3661
ferms,3661
liked,3661
slick,3661
equal,3660
educt,3660
bhels,3660
kolas,3660
lowan,3660
polts,3660
guans,3660
swarf,3660
flume,3660
drift,3660
unces,3659
unapt,3659
lotus,3659
doves,3659
polis,3659
tubal,3659
brawn,3659
sidha,3658
sloyd,3658
coved,3658
modge,3658
foamy,3658
etyma,3657
roshi,3657
bemad,3657
wield,3657
calif,3657
duces,3656
witan,3656
smaik,3656
haply,3656
grody,3656
recks,3655
faurd,3655
kalis,3654
lawin,3654
toshy,3654
spank,3654
madly,3654
dolts,3653
okras,3652
knead,3652
amped,3652
hoven,3652
primy,3652
grind,3652
ngaio,3651
locis,3651
feods,3651
bruin,3651
girns,3650
garbo,3650
brews,3650
manul,3650
tonus,3650
surfy,3650
ephas,3649
upran,3649
louma,3649
fards,3649
berks,3649
trugo,3649
graph,3649
gurly,3649
inust,3649
pouty,3649
ouphe,3648
jeons,3648
ogled,3648
howes,3648
quake,3648
margs,3648
garms,3648
corps,3648
lakin,3648
fagot,3648
mourn,3648
aviso,3647
hutia,3647
james,3647
wraps,3647
thorp,3647
bendy,3647
tabid,3646
prexy,3646
pynes,3645
miche,3645
sulci,3645
tubed,3645
lived,3645
fiend,3645
kurta,3644
taluk,3643
jiber,3643
bused,3643
fugle,3643
lycra,3642
ileum,3642
hokes,3642
styli,3642
welsh,3642
women,3642
bacon,3642
oxers,3641
embay,3641
unwet,3641
cubes,3641
skelp,3641
omrah,3640
yours,3640
bowes,3640
blech,3640
pions,3640
glout,3640
rubai,3639
darbs,3639
vents,3639
murly,3639
shewn,3639
wants,3639
calms,3639
fumet,3639
bhats,3639
tipsy,3639
dynes,3638
myope,3638
bhais,3638
jerid,3638
fugie,3638
fauts,3638
thins,3638
shack,3638
invar,3637
livor,3637
jails,3637
ehing,3637
glits,3637
quest,3637
bitsy,3637
obias,3636
conga,3636
joker,3636
ledgy,3636
javel,3636
culty,3636
corky,3636
unket,3635
basic,3635
zeins,3635
pervs,3635
bokes,3634
gaids,3634
prism,3634
quena,3633
faxes,3633
braws,3633
monty,3633
baldy,3633
omega,3632
yerks,3632
cheka,3632
faked,3632
corgi,3632
thrid,3632
kreng,3632
balun,3632
squat,3632
emics,3631
thyme,3631
topis,3631
gaucy,3631
mount,3631
silky,3631
fazes,3630
teugh,3630
spawl,3630
foxie,3629
jakey,3629
tanks,3629
scaup,3629
wurst,3629
swoln,3629
thegn,3628
dervs,3628
thang,3628
pilau,3627
parvo,3627
plays,3627
unity,3627
hoves,3626
tapus,3626
bruts,3626
whort,3626
fancy,3626
grews,3625
nouls,3625
gebur,3625
widen,3625
vardy,3625
rykes,3624
nomas,3624
clefs,3624
maids,3624
valis,3624
fakir,3624
naiks,3624
spewy,3624
yowes,3623
ouped,3623
demon,3623
linga,3623
moped,3623
biach,3623
rusma,3622
atoks,3622
zebra,3622
thraw,3622
jodel,3622
richt,3622
vouge,3622
shawn,3622
wroth,3622
pyets,3621
zesty,3621
poilu,3621
homed,3621
boyla,3621
joled,3621
nowed,3621
joist,3621
ducat,3620
holts,3620
metho,3619
xeric,3619
umbre,3619
shuln,3619
forth,3619
oches,3618
scrog,3618
corms,3618
yokes,3617
scrim,3617
pulas,3617
davit,3617
stivy,3617
ihram,3616
noxes,3616
kohen,3616
parki,3616
gibes,3616
krays,3616
purin,3616
belch,3616
gonad,3616
duvet,3616
bonze,3616
sword,3616
foehn,3615
thelf,3615
krang,3615
ogive,3614
merks,3614
chelp,3614
ghats,3614
uveas,3613
unica,3613
dicta,3613
bravi,3613
denim,3613
birth,3613
ghaut,3613
suing,3613
avion,3612
atmos,3612
fetus,3612
unlit,3612
bolts,3612
noway,3612
parks,3612
zoist,3612
spork,3612
ixora,3611
amnio,3611
fetwa,3611
blype,3611
sampi,3610
rifty,3610
feign,3610
pandy,3610
naifs,3609
veldt,3609
vegan,3609
genip,3609
proyn,3609
scody,3609
gripy,3609
jeton,3608
cribs,3608
frabs,3608
cnida,3608
mused,3608
luged,3608
favor,3608
croup,3608
palmy,3608
macon,3607
strum,3607
kefir,3606
bantu,3606
monad,3606
sedum,3606
vinal,3606
balus,3606
capul,3606
caulk,3606
guaco,3605
darks,3605
padis,3605
tikas,3605
clous,3605
tromp,3605
zines,3604
muirs,3604
whaur,3604
pyats,3604
bowat,3604
jarul,3603
sulfa,3602
prods,3602
primo,3602
rhody,3602
thank,3602
demoi,3601
clews,3601
vised,3601
milty,3601
tempo,3600
piton,3600
glaik,3600
plank,3600
mokes,3599
zoril,3599
impel,3599
wides,3599
loxed,3599
varus,3598
blads,3598
enoki,3597
demos,3597
oxide,3597
quern,3597
patch,3597
porgy,3597
bleys,3596
yirth,3596
bancs,3596
daiko,3595
anglo,3595
purls,3595
genus,3595
galop,3595
furol,3595
casky,3595
giust,3595
jaxie,3594
doabs,3594
motis,3594
tachs,3594
foins,3594
grift,3594
marvy,3594
visor,3593
gadso,3593
aight,3593
gloam,3593
waxen,3593
munge,3593
vined,3592
crudy,3592
video,3591
twerk,3591
hertz,3591
manic,3591
hemin,3590
gleds,3590
puris,3590
begin,3590
meshy,3589
thagi,3589
trunk,3589
mixte,3589
ponts,3589
decaf,3588
tulpa,3588
theow,3588
ulnad,3588
shiva,3588
femur,3588
girth,3588
blins,3588
cowry,3588
dench,3586
devil,3586
fiord,3586
stoup,3586
iches,3585
menus,3585
ursid,3585
swamy,3585
churl,3584
gravs,3584
kants,3584
claws,3584
frond,3584
bousy,3584
vegas,3583
nabis,3583
wards,3583
moves,3583
melik,3583
duros,3583
navew,3583
fiche,3583
pengo,3582
gadje,3582
prong,3582
shift,3582
ouzel,3581
besom,3581
weids,3581
hauld,3581
donut,3581
roguy,3581
braxy,3581
dashy,3580
dormy,3580
ngati,3579
pikes,3579
skelm,3579
blays,3579
grimy,3579
broch,3579
yulan,3578
firns,3578
mirth,3578
sambo,3578
cangs,3578
nutsy,3578
frack,3578
izars,3577
doeks,3577
hulas,3577
rheum,3577
molts,3577
rewax,3577
beths,3577
farms,3576
wauls,3576
gouty,3576
ovels,3575
abhor,3575
expat,3575
gnash,3575
solum,3575
fonly,3575
coyau,3574
owled,3574
rowts,3574
rinds,3573
garbs,3573
vices,3573
umber,3573
glads,3573
poind,3573
hoyas,3572
unbar,3572
alkos,3572
dikes,3572
harks,3572
thewy,3572
tabun,3572
trugs,3572
copsy,3572
jiaos,3571
gleys,3571
fyles,3571
girsh,3571
malus,3571
ruing,3571
tacky,3571
epoch,3570
racks,3570
cowan,3570
pombe,3570
handy,3570
clift,3570
study,3570
ikats,3569
hazed,3569
bicep,3569
gleby,3569
fount,3569
pends,3568
burin,3568
flout,3568
picas,3567
waxes,3567
smorg,3567
coign,3567
extol,3566
gelds,3566
nipas,3566
jural,3566
cymar,3566
roups,3566
waked,3566
picot,3566
blahs,3566
crown,3566
niefs,3565
newts,3565
hefty,3565
lubed,3565
waift,3565
flits,3565
ramps,3564
fauns,3564
barks,3564
pixel,3564
clavi,3564
ghost,3564
joint,3564
rizas,3563
lymes,3563
nashi,3563
mbira,3563
dopas,3563
debts,3563
taxon,3563
pinto,3563
quant,3563
blunt,3563
chord,3563
rakus,3562
debut,3562
warby,3562
bandy,3562
cebid,3561
brisk,3561
fitly,3561
nempt,3560
udals,3560
fours,3560
stock,3560
sinky,3560
balmy,3560
norms,3559
furca,3559
bayts,3559
ahing,3559
dicot,3559
algid,3559
ovals,3558
wipes,3558
runic,3558
porch,3558
towsy,3558
vespa,3557
smith,3557
melds,3556
helps,3556
dives,3556
dupes,3556
pharm,3556
yauld,3556
pronk,3556
stick,3556
enows,3555
hurls,3555
zonal,3555
lawns,3555
scrob,3555
chado,3555
biped,3555
midge,3555
shmek,3555
thawy,3555
flamy,3555
eying,3554
blurs,3554
vants,3554
choli,3554
brods,3554
tondi,3554
barfi,3553
worth,3553
umras,3552
exits,3552
turds,3552
tupek,3552
drops,3552
dogan,3552
cutin,3552
prink,3552
situp,3552
blank,3552
hurts,3551
gavot,3551
batik,3551
fluke,3551
rolfs,3550
hiems,3550
bunia,3550
leugh,3550
fendy,3550
waved,3550
envoy,3549
nicol,3549
barfs,3549
lanks,3549
kluge,3549
batch,3549
mousy,3549
drips,3548
burls,3547
yarks,3547
genom,3547
chaft,3547
elchi,3546
dahls,3546
punas,3546
tabus,3546
thrip,3546
fused,3546
vitas,3545
bench,3545
chino,3545
drink,3545
chout,3545
ethic,3544
acids,3544
gulas,3544
stown,3544
couth,3544
purda,3543
deshi,3542
inbye,3542
lexis,3542
bekah,3542
meths,3542
czars,3542
vowel,3542
crudo,3542
chits,3542
alums,3541
zoned,3541
subah,3541
octad,3540
warps,3540
dobla,3540
crows,3540
nauch,3540
login,3540
paths,3540
hikes,3539
vitro,3539
mowra,3539
gusla,3539
sigma,3539
progs,3539
speck,3539
misty,3539
beaux,3538
woads,3538
poynt,3538
snowy,3538
taxis,3537
snafu,3537
pibal,3537
sprig,3537
fetch,3537
sprog,3537
smirk,3537
sumac,3537
gandy,3537
typal,3536
roums,3536
lurgy,3536
tuxes,3536
gazed,3536
janty,3536
proud,3536
rumly,3535
gyals,3535
redox,3535
prigs,3535
panim,3535
simul,3535
blags,3535
jaunt,3534
fremd,3534
cruft,3534
ycled,3533
dozen,3533
gadis,3532
dolma,3532
ivory,3532
prowl,3532
blaud,3532
yelps,3531
exult,3531
bikes,3531
gudes,3531
foams,3531
cukes,3531
caups,3531
nudge,3531
vogue,3530
pokal,3530
calks,3530
lound,3530
wodge,3530
bring,3530
minty,3530
moyas,3529
marks,3529
chiru,3529
maxed,3529
proms,3529
wreck,3529
hends,3528
xerus,3528
lunts,3528
nutso,3528
slung,3528
sophy,3528
neums,3527
tempi,3527
risky,3527
world,3527
sight,3527
helms,3526
yurts,3526
tsked,3526
bitos,3526
japed,3526
mazed,3526
cutis,3526
egmas,3525
ylems,3525
afoul,3525
uhlan,3525
yapon,3525
grids,3525
paiks,3525
prims,3525
blams,3525
oxime,3524
admit,3524
vocal,3524
acing,3524
gatch,3524
wytes,3523
mayos,3523
yonis,3523
temps,3523
hives,3523
coxal,3523
towze,3523
shrow,3523
gurls,3522
typed,3522
pesky,3522
pouts,3522
kyars,3521
kafir,3521
kisan,3521
furze,3521
dagos,3520
quail,3520
bends,3520
facts,3520
psion,3520
vibey,3520
maiko,3519
metif,3519
upled,3519
hogan,3519
boaks,3519
felch,3519
urvas,3518
vista,3518
could,3518
poxes,3517
kawed,3517
hilts,3517
deoxy,3517
tigon,3517
jiver,3517
quirt,3517
hinau,3516
debag,3516
bawrs,3516
poked,3516
firth,3516
given,3516
noyau,3515
wekas,3515
umpie,3515
plebs,3515
calfs,3515
douts,3515
spayd,3515
yikes,3514
adzes,3514
kenaf,3514
ylkes,3514
axmen,3514
until,3514
below,3514
flype,3514
chasm,3514
match,3514
gormy,3514
nixes,3513
korma,3513
culti,3513
wifey,3513
infra,3512
murls,3512
fasci,3512
welkt,3512
murti,3512
crypt,3512
wrack,3512
flask,3512
dosha,3511
bogan,3511
swang,3511
rings,3510
durns,3510
doxes,3510
whorl,3510
warms,3510
nival,3510
uplay,3510
poncy,3510
chalk,3510
awork,3509
tubas,3509
cults,3509
borax,3509
timon,3509
turps,3509
corks,3509
coxed,3509
curdy,3509
cuish,3509
diebs,3508
touch,3508
hyens,3507
zedas,3507
dozes,3507
unhat,3507
sadhu,3507
garum,3507
depth,3507
lofty,3507
whirl,3506
balds,3506
cozed,3506
spawn,3506
virls,3505
wyles,3505
clods,3505
zibet,3505
kuias,3504
skyed,3504
speug,3504
ducal,3504
mashy,3504
brink,3504
jotas,3503
kipes,3503
owned,3503
gramp,3503
gaspy,3503
ojime,3502
diyas,3502
inorb,3502
jakes,3502
redub,3502
major,3502
slunk,3502
yelms,3501
litho,3501
ensky,3501
honda,3501
phoca,3501
caums,3501
bahts,3501
tuism,3501
towny,3501
nicad,3500
manus,3500
ovist,3500
units,3500
glams,3500
pukey,3500
bahut,3500
stulm,3500
axion,3499
fleys,3499
chemo,3499
apism,3499
tykes,3498
bunas,3498
bokeh,3498
malik,3498
ovens,3497
joual,3497
jatos,3497
lurch,3497
woken,3497
tiyns,3497
duits,3497
lirks,3496
mikes,3496
hynde,3496
pluto,3496
jutes,3496
zowie,3495
ulpan,3495
ikans,3495
boxen,3495
anvil,3494
anigh,3494
knife,3494
lindy,3494
meows,3493
whets,3493
fidge,3493
baths,3492
gapos,3491
brogs,3491
bourd,3491
sajou,3490
gives,3490
lidos,3489
rudis,3489
basho,3489
adbot,3489
haick,3489
zatis,3488
scrow,3488
psalm,3488
oupas,3487
krabs,3487
brigs,3487
vauts,3487
tongs,3487
courb,3487
miaow,3486
ugali,3486
mebos,3486
cloys,3486
kinas,3486
pints,3486
mends,3485
homas,3485
haiks,3485
pekin,3485
right,3485
bords,3485
sebum,3485
swank,3485
ethyl,3484
micas,3484
gilts,3484
askew,3483
rifts,3483
pands,3483
pirog,3483
dorps,3483
pubes,3483
exons,3482
vaxes,3482
grips,3482
flays,3482
turfy,3482
houts,3482
jagir,3481
mawrs,3481
turbo,3481
woven,3481
palms,3481
mvule,3481
cling,3481
privy,3481
ambry,3480
conus,3480
twiny,3480
sowth,3480
goafs,3479
turms,3479
azury,3479
pyned,3479
dints,3479
clamp,3479
abrim,3478
axils,3478
micro,3478
ponga,3478
dinos,3478
chads,3478
porky,3478
hoxes,3477
bomas,3477
brims,3477
viand,3477
fisty,3477
kwela,3476
hoked,3476
fauld,3476
whats,3476
knowe,3475
cubed,3475
kubie,3474
milts,3474
bowed,3474
bouts,3474
cymes,3473
milos,3473
brush,3473
chirp,3473
nukes,3472
icons,3472
bison,3472
fecht,3472
skelf,3472
gamin,3472
chons,3472
rushy,3471
donga,3471
musit,3471
dorky,3471
defis,3470
gaudy,3470
thack,3470
amido,3469
orgic,3469
burns,3469
boxes,3469
calix,3469
sixty,3469
kytes,3468
yogas,3468
culex,3468
boked,3468
chins,3468
plack,3468
apods,3467
laufs,3467
vatic,3467
gaths,3467
yacht,3467
murex,3467
faxed,3467
sozin,3467
gourd,3466
kerbs,3465
cruds,3465
laugh,3465
noxal,3464
lumas,3464
fazed,3464
frisk,3464
mangy,3464
echos,3463
novas,3463
imbar,3462
yagis,3462
swami,3462
devon,3462
codex,3462
clops,3462
chyme,3461
cadgy,3461
lyric,3460
fados,3460
hoved,3460
blocs,3460
churn,3460
maund,3460
bawty,3460
growl,3459
chays,3459
nould,3459
clonk,3459
swith,3459
ryked,3458
nomad,3458
valid,3458
shogi,3458
flaps,3458
clips,3458
chang,3458
dashi,3457
kirns,3457
yowed,3457
gyans,3457
kelpy,3457
maths,3457
truck,3457
vinas,3456
luxes,3456
simba,3456
topic,3456
scamp,3456
empty,3455
jelab,3455
mudra,3455
flegs,3455
flank,3455
swopt,3455
clink,3455
lazos,3454
emong,3454
edify,3454
dempt,3454
finca,3454
vimen,3454
probs,3454
nobly,3454
delph,3453
dorms,3453
welch,3453
idols,3452
sough,3452
yoked,3451
colds,3451
dolci,3451
smack,3451
balky,3451
kyles,3450
furls,3450
radix,3450
norks,3450
nurdy,3450
gibed,3450
zoris,3449
remix,3449
gouts,3449
thous,3449
wordy,3449
snick,3449
aguti,3448
lipos,3448
acyls,3448
pious,3447
tinds,3447
knive,3447
gamut,3446
hints,3446
flaky,3446
negus,3445
thews,3445
goxes,3444
gurns,3444
tacks,3444
fonts,3444
hands,3443
dribs,3443
plews,3443
aping,3443
goban,3443
mouls,3443
sagum,3443
oumas,3442
nacho,3442
clogs,3442
pelfs,3442
amowt,3442
maiks,3442
kaids,3441
halms,3441
phony,3441
koaps,3440
faqir,3440
umble,3440
damns,3439
mowed,3439
cloud,3439
khets,3438
hefts,3438
tamps,3438
bints,3438
flags,3438
cunts,3438
rowth,3438
synth,3437
coths,3437
devos,3436
devis,3436
rocky,3436
delfs,3435
warbs,3435
verbs,3435
weamb,3435
bands,3435
ambit,3435
notch,3435
chaps,3435
ganch,3435
fikes,3434
haulm,3433
balms,3433
medic,3432
getup,3432
tunic,3432
pudge,3432
chank,3432
xrays,3431
mozes,3431
fubar,3431
crimp,3431
lingy,3431
oktas,3430
mikra,3430
polka,3430
dizen,3430
pudor,3430
colby,3430
welds,3428
cibol,3428
flams,3428
thaws,3428
quyte,3427
envoi,3426
tulip,3426
blond,3426
kelim,3425
yorps,3425
muils,3425
sulky,3425
avoid,3424
liths,3424
ruths,3424
paysd,3424
showy,3424
kibes,3423
fends,3423
omits,3423
stung,3423
dowry,3423
demic,3422
mengs,3422
pimas,3422
viols,3422
chems,3422
throb,3422
blind,3422
whist,3422
dicty,3421
kaing,3421
khats,3421
kehua,3420
waldo,3420
unrid,3420
pangs,3420
prick,3420
black,3420
iched,3419
whens,3419
crunk,3419
doing,3419
neuks,3418
fives,3418
culpa,3418
kilty,3418
gawsy,3418
tufas,3417
kogal,3417
gorps,3417
awmry,3417
moved,3417
umrah,3416
kerfs,3416
rejig,3416
tryps,3416
ketch,3416
licht,3416
flosh,3416
exams,3415
abuts,3415
pixes,3414
mango,3414
asdic,3413
lurgi,3413
ontic,3413
dangs,3413
sycon,3413
piked,3413
stomp,3413
powan,3412
lyams,3412
borms,3412
scowl,3412
grovy,3412
izard,3411
ichor,3411
filos,3411
joram,3411
pizes,3411
camus,3411
chirm,3411
unsew,3410
incur,3410
kugel,3410
ingot,3410
rough,3410
uncia,3409
dusty,3409
duroc,3408
fagin,3408
midst,3408
flawy,3408
darzi,3407
detox,3407
longs,3407
coifs,3407
viced,3407
birch,3407
punty,3407
amigo,3406
oubit,3406
ymolt,3406
wecht,3406
vrous,3406
synod,3406
mucor,3406
gutsy,3406
ritzy,3405
profs,3405
chams,3405
shtik,3405
axons,3404
agism,3404
mandi,3404
blawn,3404
limos,3403
mints,3403
godly,3403
minos,3402
pilaf,3402
chewy,3402
warks,3401
waxed,3401
drown,3401
fluty,3401
omlah,3400
bouns,3400
baulk,3400
opahs,3398
boeuf,3397
hizen,3397
gaumy,3397
stunk,3397
fonda,3396
wadts,3395
campy,3395
douma,3394
nexts,3394
wadis,3394
inked,3394
rubin,3394
frogs,3394
puton,3394
vibes,3393
bezil,3393
caxon,3393
korun,3393
ridgy,3393
yelks,3392
amids,3392
runch,3392
wiped,3392
cauks,3392
linch,3392
gosht,3392
quota,3391
rinks,3391
howbe,3391
zloty,3391
kheda,3390
virga,3390
azons,3390
wazir,3390
frigs,3390
vezir,3390
jambe,3390
otaku,3389
hemic,3389
mohrs,3388
fords,3388
hanky,3388
dauby,3388
phots,3388
mewls,3387
pyros,3387
gorms,3387
pucan,3387
aught,3387
shrug,3387
wifes,3386
gyeld,3386
penks,3386
pique,3386
colza,3386
vetch,3386
watch,3386
hoing,3386
chirk,3386
locus,3385
dhols,3385
dhoti,3385
pawls,3385
hangi,3384
unpay,3384
pavin,3384
tings,3384
zaidy,3384
budge,3384
rojis,3383
kepis,3383
milpa,3383
jerky,3383
birds,3382
pseud,3382
curds,3382
uplit,3382
weigh,3382
wench,3382
prows,3382
odahs,3381
enjoy,3381
lingo,3381
sibyl,3381
fouls,3381
bigot,3381
amply,3381
lofts,3380
pilaw,3380
hangs,3380
faiks,3380
child,3380
lamby,3380
kendo,3379
azyme,3379
azurn,3378
panko,3378
dorbs,3378
chevy,3378
blaws,3378
wonts,3378
boing,3378
rubli,3377
kulan,3377
sclim,3377
thilk,3377
group,3377
hauds,3376
vatus,3376
among,3376
palki,3376
washy,3376
frush,3376
sownd,3376
wormy,3376
smowt,3376
brock,3376
drows,3375
sicky,3375
hylas,3374
bimas,3374
dawts,3374
cajon,3374
towns,3374
crowd,3374
zilas,3373
hiked,3373
fumes,3373
pukes,3373
aspic,3372
venus,3372
foxes,3372
pendu,3372
indol,3372
bangs,3372
kidge,3372
brick,3372
voxel,3371
quats,3371
gluon,3371
wrong,3371
quais,3370
obits,3370
turks,3370
month,3370
kutas,3369
boyau,3368
mihas,3368
volti,3368
jokey,3368
lowts,3368
kaims,3368
bauds,3368
briks,3368
tonks,3368
gauch,3368
busty,3368
runds,3367
linds,3367
korus,3367
wring,3367
forby,3367
pisco,3366
dukes,3366
guyed,3366
yirds,3365
syrup,3365
gursh,3365
biked,3365
waspy,3365
squit,3365
kbars,3364
volts,3364
lacks,3364
frowy,3364
hyleg,3363
bizes,3363
cuzes,3363
flocs,3363
bayou,3362
askoi,3361
pagod,3361
grund,3361
imbue,3360
ochry,3360
loups,3360
sulfo,3360
kiang,3360
klang,3360
brown,3360
lysin,3359
disco,3359
amnic,3359
flics,3359
glaum,3359
bunty,3359
quasi,3358
ledum,3358
pavis,3358
downa,3358
scuba,3358
lamps,3358
twirp,3358
swoun,3358
bothy,3358
wyted,3357
girds,3357
wends,3357
mixen,3357
punto,3357
hived,3357
sybil,3357
tichy,3357
piezo,3356
helix,3356
feuds,3356
tifos,3356
whirs,3356
drouk,3356
hexad,3355
yangs,3355
geums,3355
ganof,3355
turfs,3355
puzel,3355
throw,3355
squeg,3355
brogh,3355
thuya,3354
mizen,3354
bydes,3353
hafts,3353
flabs,3353
twins,3353
swack,3353
namus,3352
wives,3352
fango,3352
sylva,3352
boink,3352
yauds,3351
jobes,3351
kulas,3351
pechs,3351
datum,3351
scrum,3351
porks,3351
poxed,3351
muons,3351
spink,3351
upend,3350
pulis,3350
winze,3350
cyton,3349
mudge,3349
blimy,3349
yiked,3348
yonic,3348
indew,3348
hedgy,3348
pyrex,3347
plods,3347
groks,3347
nixed,3347
khans,3347
mudir,3347
goldy,3347
wilts,3346
gluts,3346
jolty,3346
nowty,3346
campo,3345
bafts,3345
bolus,3345
manky,3345
tushy,3345
byrls,3344
tways,3344
dorks,3344
bourg,3344
kandy,3344
rimus,3343
owche,3343
velds,3343
qorma,3343
gauds,3343
walds,3343
twang,3343
gusty,3343
jawed,3342
wagon,3342
spiky,3342
murid,3341
imago,3340
kayos,3340
hokas,3340
jowar,3340
gyron,3340
woman,3340
finos,3340
fleck,3340
kadis,3339
degus,3339
logic,3339
wyled,3339
folic,3339
gowan,3339
glift,3339
shock,3339
fands,3338
kyats,3338
cubit,3338
quilt,3338
mangs,3337
urbex,3337
quoit,3337
klaps,3337
bawls,3337
moldy,3337
igapo,3336
tsuba,3336
layup,3336
cohab,3336
bavin,3336
potch,3336
grown,3335
unrip,3334
brows,3334
rownd,3334
rowdy,3334
mauds,3333
mohur,3333
gothy,3333
musty,3333
forky,3333
skody,3333
diazo,3332
nubia,3332
azlon,3332
woxen,3332
thanx,3332
mixes,3331
subha,3331
mopsy,3331
bajri,3330
kelps,3330
bitou,3330
limns,3330
miked,3330
monic,3330
scoup,3330
joust,3330
proxy,3330
ancho,3329
thong,3329
empts,3328
zaxes,3328
pioys,3328
umbel,3328
azoth,3328
bedim,3328
ploys,3328
pecky,3328
motus,3328
mulct,3328
kythe,3327
kevil,3327
kench,3327
plong,3327
eking,3326
sicko,3325
bukes,3325
thing,3325
conky,3325
venom,3324
kuris,3324
shrub,3324
begun,3324
caphs,3324
balks,3324
gived,3324
mincy,3324
nurds,3323
forza,3323
mothy,3323
pling,3323
shown,3323
flack,3323
refix,3322
words,3322
objet,3321
youth,3321
hypes,3320
yawls,3320
musca,3319
flaks,3319
elbow,3317
halfs,3317
twank,3317
quist,3317
vegos,3316
scurf,3316
glazy,3316
fyces,3315
aglus,3315
forms,3315
vinew,3315
gyros,3314
galvo,3314
phons,3314
quina,3313
limpa,3313
burka,3313
unbed,3313
kranz,3313
zinke,3313
linky,3312
mauby,3312
axoid,3311
rojak,3311
horks,3311
hoxed,3311
muton,3311
clown,3311
cromb,3311
jarps,3310
trump,3310
furth,3310
tocky,3310
rocks,3309
jabot,3309
grows,3309
doucs,3309
bosun,3309
yukes,3308
takhi,3308
xenic,3308
yaups,3308
joyed,3307
pawns,3307
flawn,3307
joeys,3306
nuked,3306
sculp,3306
nazis,3305
virtu,3305
fribs,3305
khors,3305
pyots,3305
obeys,3304
aphis,3304
rungs,3304
opsin,3304
lings,3304
humor,3304
podex,3304
mowas,3303
romps,3303
vinca,3303
borks,3303
boxed,3303
pithy,3303
mouth,3303
diwan,3302
shoyu,3302
toxin,3302
hymen,3301
foids,3301
mavin,3301
touks,3301
plonk,3301
sulph,3301
necks,3300
dawns,3300
gaups,3300
phang,3300
whity,3300
ziram,3299
waifs,3299
bandh,3299
think,3299
flews,3298
chefs,3298
kaput,3298
joins,3298
splog,3297
plink,3297
swift,3297
yucas,3296
debus,3296
amyls,3296
hydra,3295
dicts,3294
lowns,3294
danks,3294
crwth,3294
build,3294
jehad,3293
gusto,3293
fusil,3293
oculi,3292
mirky,3292
hiply,3292
makis,3291
makos,3291
kilts,3291
umiac,3290
lurks,3290
kilos,3290
pilus,3290
bhuna,3290
luxed,3290
hijra,3289
haiku,3289
scrub,3289
fawny,3289
azoic,3288
kohas,3288
botch,3288
oshac,3287
fudge,3287
yechs,3286
yorks,3286
obang,3286
pongy,3286
clows,3285
almud,3285
mutis,3285
admin,3284
tough,3284
ludos,3283
topaz,3283
imped,3283
mirza,3282
hempy,3282
cowls,3282
thigs,3282
shawm,3282
pound,3282
grypt,3281
incut,3281
flaws,3281
bunje,3281
glisk,3281
covin,3281
durgy,3281
divan,3280
punts,3280
dimly,3280
light,3279
thowl,3279
frock,3279
gurdy,3278
pikas,3277
lifts,3277
pwned,3277
mould,3277
nevus,3276
visto,3276
filth,3276
mavis,3275
chews,3275
fangs,3275
jonty,3275
bling,3275
cuing,3275
smoky,3275
knurl,3274
ixnay,3274
viewy,3274
polys,3274
winos,3274
awing,3274
bonus,3274
epoxy,3273
adunc,3273
unrig,3273
dunts,3273
cimex,3273
compt,3273
ouija,3272
vends,3272
campi,3272
wands,3272
mucro,3272
decko,3271
qaids,3271
taxus,3271
gamic,3271
sprug,3271
morph,3271
karzy,3271
fusty,3271
dikas,3270
kynde,3270
gaums,3270
plims,3270
coups,3270
brusk,3270
fixes,3269
redux,3269
magic,3269
scoug,3269
guild,3269
mechs,3268
lupin,3268
fiked,3268
camps,3268
wefts,3267
moyls,3267
wonga,3267
nicht,3267
slojd,3267
doubt,3266
stowp,3266
plush,3266
oundy,3266
exuls,3265
mozed,3265
tinks,3265
lushy,3265
curvy,3265
stuck,3265
jours,3264
scudo,3264
grosz,3264
docht,3264
ulvas,3263
cahow,3263
frown,3263
gotch,3263
ogams,3262
pyxie,3262
vigor,3262
kagos,3261
daubs,3261
hanks,3261
mynas,3260
macho,3260
pivot,3260
quint,3260
bawns,3259
hapus,3258
daych,3258
chaws,3258
mohua,3257
adown,3256
jerks,3256
samfu,3256
viold,3256
scuft,3256
varix,3255
bowrs,3255
nifty,3255
yeuks,3254
divas,3254
budas,3254
dipso,3254
drunk,3254
holds,3253
kamis,3253
lochs,3253
lambs,3253
banks,3253
divot,3253
globy,3253
blips,3252
bhang,3252
chuts,3251
hilus,3250
koban,3250
bapus,3250
jedis,3249
worms,3249
jivey,3249
futon,3249
blink,3249
jibes,3248
aking,3248
zerks,3247
bigly,3247
welks,3246
unpeg,3246
jirga,3245
puhas,3245
whelp,3245
bolds,3245
wigan,3245
busti,3245
pized,3245
unsex,3244
kaifs,3244
dowly,3244
yawns,3242
tying,3242
hound,3242
jokes,3241
hudna,3241
dirks,3241
fenks,3241
fique,3241
mocha,3241
tunds,3241
fouth,3241
ejido,3240
nikah,3240
forbs,3240
phyla,3240
hunts,3240
brung,3239
lytic,3238
bimah,3238
wharf,3238
vitex,3238
gipsy,3238
tophi,3237
drugs,3237
frows,3237
waulk,3237
bortz,3237
yanks,3236
fibro,3236
biogs,3236
knots,3236
blogs,3236
wilga,3235
knout,3235
virus,3234
bahus,3234
curbs,3234
chavs,3234
bound,3234
divna,3233
kalif,3233
tophs,3233
pitch,3233
knits,3232
bunts,3232
yclad,3231
glops,3231
synch,3231
dampy,3230
fugal,3229
guyot,3229
gawcy,3229
flaxy,3229
zineb,3228
vakil,3228
vomit,3228
hoick,3228
auxin,3227
jalop,3227
drums,3227
yogin,3227
pyins,3227
endow,3226
julep,3226
wizen,3226
vowed,3226
ditch,3226
touzy,3226
whiny,3226
shtup,3226
dunam,3225
lakhs,3224
gusli,3224
vison,3224
hoiks,3224
mawns,3224
boxla,3224
nowls,3223
advew,3223
dhikr,3223
ohing,3223
slump,3223
ponds,3222
demob,3221
unfed,3221
upjet,3221
okehs,3220
golds,3220
wifed,3220
ofays,3219
jolts,3219
kinos,3219
nowts,3219
ungot,3219
bidon,3219
sculk,3219
spick,3219
thrum,3218
bachs,3218
quash,3218
blush,3218
micos,3217
wilco,3217
kilns,3217
uncoy,3217
wanky,3217
odeum,3216
ephod,3216
okays,3216
murva,3216
pumas,3216
dishy,3216
quark,3215
pilch,3215
amoks,3214
peghs,3214
yamun,3214
pyric,3212
firms,3212
noups,3211
molds,3210
dumas,3209
unwed,3209
wangs,3209
wrick,3209
flisk,3209
rumba,3208
limba,3208
grouf,3208
swing,3208
gybes,3207
puked,3207
fumed,3207
outby,3207
ticky,3207
ricks,3206
mutha,3206
skimo,3206
forks,3206
goths,3206
foxed,3206
swamp,3206
bilgy,3206
blowy,3206
sixth,3206
gecko,3205
lobus,3205
fritz,3205
octyl,3204
wisha,3204
lough,3204
bluid,3204
unked,3203
imbed,3203
yoick,3203
schul,3203
human,3202
putid,3202
yogis,3201
duxes,3201
pecks,3201
gloms,3201
gilpy,3201
kiefs,3200
wizes,3200
birks,3200
squad,3200
eughs,3199
mound,3199
iambs,3198
ghoul,3198
conks,3198
cundy,3198
awdls,3197
glims,3197
munts,3197
okapi,3196
flexo,3196
ikons,3196
notum,3196
munis,3196
moths,3196
zendo,3195
avyze,3195
kempt,3195
wheft,3195
tusky,3195
decks,3194
tofus,3193
kitul,3192
pavid,3192
ympes,3191
hopak,3191
molys,3191
scudi,3191
vints,3190
clung,3190
vinos,3189
oucht,3188
machi,3187
bauks,3186
lunch,3186
wived,3186
kofta,3185
links,3185
curfs,3185
jobed,3185
bitch,3185
hurds,3184
picul,3184
butoh,3184
yirks,3183
optic,3183
whelm,3183
basij,3183
udons,3183
ulmin,3183
machs,3183
confs,3183
tocks,3183
matzo,3182
zayin,3182
index,3182
honds,3182
wafts,3182
nomic,3182
flong,3182
swink,3182
input,3181
nikau,3180
holms,3180
unlid,3180
clomp,3180
pouch,3180
haufs,3179
chimo,3179
habus,3178
kibla,3178
magus,3178
tungs,3178
fling,3178
golps,3177
nodus,3177
wedgy,3177
humas,3176
burds,3176
lucid,3176
piths,3176
dingy,3176
cushy,3175
bonds,3174
forum,3174
gonch,3174
juvie,3173
pylon,3173
motif,3173
whits,3173
powny,3173
quoad,3172
kinda,3172
whios,3172
cymas,3171
jarks,3171
pygal,3171
azido,3170
unlaw,3170
jumar,3170
ambos,3169
qadis,3169
punga,3169
sucky,3169
thick,3167
downy,3166
mirks,3165
bunya,3165
exing,3165
mixed,3165
rynds,3164
clunk,3164
cuspy,3164
shtum,3164
dykes,3163
motza,3163
oinks,3163
nkosi,3163
fawns,3162
lying,3162
hecks,3161
walks,3161
dicht,3161
yapok,3160
gitch,3160
spumy,3160
axiom,3159
yugas,3159
gazon,3159
flops,3159
pongs,3159
junta,3158
gopak,3158
whelk,3158
snuck,3158
yojan,3157
defog,3157
mulga,3157
dwarf,3157
fanks,3156
ngoma,3155
ficos,3155
hemps,3155
flips,3155
ching,3155
hyped,3154
kangs,3154
fluyt,3154
kievs,3153
becks,3153
linum,3153
gipon,3153
champ,3153
drubs,3152
dongs,3152
smock,3152
wisht,3151
hajis,3150
gobis,3150
voids,3150
comus,3150
mitch,3150
would,3149
spitz,3149
folds,3148
vexil,3148
views,3147
zarfs,3147
odism,3146
impot,3146
pashm,3146
pudsy,3146
algum,3145
vauch,3145
powin,3145
vixen,3144
pinch,3144
inspo,3143
onium,3143
havoc,3143
kirby,3143
yuked,3142
impro,3141
gnaws,3141
ictus,3140
works,3140
crump,3140
dogma,3139
flogs,3139
aphid,3138
aglow,3138
almug,3138
pyoid,3138
found,3137
minus,3136
chops,3136
bingy,3135
vigas,3134
mafic,3134
ampul,3133
burps,3133
pingo,3133
cumin,3133
moxas,3132
bisom,3132
milch,3132
chips,3132
dhaks,3131
bundt,3131
showd,3131
bludy,3131
hykes,3130
docus,3130
globi,3130
gonys,3130
night,3130
velum,3129
chink,3129
gecks,3128
lownd,3128
bosky,3128
nexus,3127
plows,3127
honky,3127
hejab,3126
umiak,3126
musha,3126
maxis,3126
globs,3126
dingo,3126
muxes,3125
knaps,3125
flims,3125
knurs,3124
mynah,3124
vangs,3124
fanum,3124
bemud,3124
choky,3124
flexi,3123
hongi,3123
yrivd,3123
mazut,3123
bykes,3122
misdo,3122
jives,3122
jupes,3122
glibs,3122
kedgy,3122
upbye,3121
pulka,3121
rumpy,3121
flush,3121
block,3121
dunsh,3120
typos,3119
hongs,3119
duply,3119
mecks,3118
unsod,3118
stump,3118
gajos,3117
gilds,3117
dowls,3117
itchy,3117
befog,3116
dewax,3116
jilts,3116
packs,3116
chogs,3116
bigos,3115
mulsh,3115
nucha,3114
buhrs,3114
cough,3114
pilow,3113
burgs,3113
whamo,3113
dowts,3113
umbra,3112
updry,3112
polks,3111
shoji,3111
tumid,3111
bongs,3111
using,3110
duing,3110
ablow,3109
dacks,3109
bonza,3109
unsaw,3108
ludic,3108
cajun,3108
plouk,3108
wheys,3107
milds,3107
voips,3107
capiz,3107
oping,3107
pugil,3107
fluid,3107
gouch,3107
plumy,3106
uncap,3105
knags,3105
doups,3105
blown,3105
jamon,3104
bewig,3104
mirvs,3103
locks,3103
firks,3103
damps,3103
fixed,3103
bunco,3103
oflag,3102
banjo,3102
vapid,3102
album,3102
kutis,3102
lungi,3102
toxic,3101
sklim,3101
mingy,3100
frugs,3099
plotz,3099
whins,3099
filmy,3099
hyoid,3098
lungs,3098
cuifs,3098
sylph,3098
hocus,3097
quoin,3097
mouch,3097
fidos,3096
gompa,3095
waltz,3095
ankus,3094
kypes,3094
tsubo,3094
gonif,3094
bawdy,3093
folky,3093
phuts,3093
umped,3092
withy,3092
zonda,3091
uncos,3090
dhuti,3090
wanks,3090
whang,3089
ducts,3088
fitch,3088
kopje,3087
axing,3087
grubs,3086
munga,3086
vrows,3086
murky,3086
gauzy,3086
burqa,3085
butyl,3085
dwalm,3085
micht,3085
bingo,3085
skivy,3085
howls,3084
unfit,3084
calyx,3084
shlub,3084
wolds,3082
jibed,3082
pikau,3081
gyves,3081
baghs,3081
jowed,3081
schav,3081
lawks,3080
ticks,3080
hinds,3079
blows,3079
knish,3079
fishy,3078
equid,3077
fonds,3077
vendu,3076
domic,3076
bowls,3076
hacks,3076
mongs,3076
wrung,3076
mauzy,3076
joked,3075
doums,3075
nidus,3074
timps,3074
buoys,3074
hokis,3073
mifty,3073
pisky,3073
tombs,3072
unwit,3072
faugh,3072
snowk,3072
unmew,3071
hyson,3071
holks,3071
rumpo,3071
pukas,3071
locum,3071
binds,3071
quino,3071
ginch,3071
wound,3071
misch,3070
young,3070
kotch,3070
filch,3070
musth,3070
culms,3069
fohns,3069
emoji,3068
exurb,3068
hakus,3068
backs,3068
quits,3068
mogul,3067
whaps,3066
duomi,3065
dukas,3064
guids,3064
pinky,3064
unify,3063
uptak,3062
clubs,3062
limax,3061
klong,3061
qualm,3061
fuzes,3060
brugh,3060
spunk,3060
gismo,3059
misgo,3059
yowls,3059
khadi,3058
chivy,3058
dinky,3057
fecks,3056
kempy,3056
pings,3056
clomb,3056
myoid,3055
glows,3054
cymol,3054
flobs,3054
muids,3054
thuds,3054
hydro,3053
schwa,3052
climb,3052
milky,3052
yacks,3051
gowls,3051
ought,3051
newbs,3050
punka,3050
aswim,3049
dings,3049
mochy,3049
gyrus,3048
oncus,3048
ycond,3048
blitz,3047
timbo,3046
yolks,3046
powns,3046
bhuts,3045
shuck,3044
expos,3042
wamus,3042
jubes,3042
podgy,3042
gybed,3041
ponks,3040
downs,3039
gamps,3037
mucin,3037
bigha,3036
minds,3036
whams,3036
nabks,3035
windy,3035
macks,3033
kapus,3032
zoism,3032
wacky,3032
undos,3031
pight,3031
mokis,3030
music,3030
moups,3029
whipt,3029
comby,3029
queyn,3028
oulks,3028
druxy,3028
boxty,3028
chibs,3027
muhly,3027
yogic,3026
kohls,3026
rhomb,3026
fykes,3025
degum,3025
dight,3024
rugby,3024
flock,3024
hinky,3024
golfs,3023
wauks,3023
untax,3022
glitz,3022
witch,3022
alkyd,3021
oakum,3020
exfil,3020
hakim,3020
dutch,3020
flick,3020
hexyl,3019
figos,3018
adsum,3017
pushy,3017
hings,3016
crumb,3016
limby,3016
incus,3015
odyls,3014
pinko,3014
twink,3014
imply,3012
pulik,3011
fouds,3010
scowp,3010
infos,3009
gambo,3009
qibla,3008
bings,3008
dwang,3008
flown,3008
thunk,3008
comps,3007
zigan,3006
chufa,3006
waugh,3006
plunk,3006
hyrax,3005
pyxes,3005
avows,3004
quads,3004
bluds,3004
emyds,3003
gynos,3003
queys,3002
milko,3002
qursh,3002
bolix,3002
wispy,3001
nikab,3000
rucks,3000
licks,3000
honks,3000
bulgy,3000
finch,2999
vocab,2998
abohm,2997
twigs,2997
jotun,2996
kivas,2995
kagus,2995
modus,2995
tumpy,2995
gulpy,2995
rumps,2994
limps,2994
burks,2994
quins,2994
chiks,2993
focus,2992
bonks,2992
bundy,2992
equip,2991
osmic,2991
judge,2991
thugs,2991
squab,2990
cawks,2990
jirds,2989
xylan,2989
plugs,2989
vlogs,2988
pulmo,2988
jigot,2988
divos,2987
budis,2987
budos,2987
bipod,2986
cupid,2986
quays,2985
undam,2984
begum,2984
juicy,2984
lynch,2983
debug,2983
burfi,2983
tupik,2983
bight,2983
wacko,2982
flows,2982
pocky,2982
embus,2981
idyls,2981
vulns,2981
comfy,2980
kindy,2980
wilds,2979
lunks,2979
sixmo,2979
fowls,2979
piums,2979
plums,2979
butch,2979
aduki,2977
burgh,2977
pilum,2976
yonks,2975
finds,2974
mings,2973
gowns,2973
pouks,2973
films,2972
wingy,2972
blimp,2970
dungy,2970
bushy,2969
incog,2968
knosp,2967
gonks,2967
gundy,2967
limbo,2966
bawds,2966
rumbo,2966
folks,2966
douks,2966
vagus,2965
withs,2965
thuja,2963
vrouw,2963
ankhs,2962
bilks,2960
soyuz,2960
murks,2959
muxed,2959
chows,2959
pawky,2959
lowps,2958
goyim,2958
poufs,2958
blunk,2958
whaup,2957
monks,2957
schmo,2957
zincy,2957
byked,2956
gifts,2956
jived,2956
wonky,2956
dwams,2955
yupon,2955
nocks,2954
vinyl,2954
mopus,2954
bogus,2952
wongi,2952
xylem,2951
kaugh,2951
kyang,2951
cobza,2950
dough,2949
quaky,2949
might,2948
favus,2947
bemix,2947
iglus,2946
wifty,2945
typic,2944
gushy,2944
ditzy,2944
mutch,2944
fugly,2944
gawds,2941
quags,2941
vizor,2941
knuts,2941
vampy,2941
kazis,2940
owing,2938
punch,2938
pinks,2937
hilum,2936
gulch,2936
quoth,2936
buhls,2935
embog,2934
mushy,2934
jugal,2933
squid,2933
winch,2933
hylic,2932
jukes,2932
gambs,2932
yokul,2932
jaups,2932
dunch,2931
chivs,2931
whack,2931
dinks,2930
kemps,2929
bungy,2929
jehus,2926
mochi,2926
mulch,2926
milks,2925
bouks,2925
squaw,2923
bylaw,2923
amuck,2923
mochs,2922
lucky,2921
chawk,2919
houfs,2918
swung,2917
juves,2916
junto,2916
gyved,2915
lumpy,2915
pubis,2914
opium,2913
quirk,2912
milfs,2910
kiths,2910
grump,2909
abysm,2908
youks,2908
winds,2908
bough,2908
kylin,2907
zinco,2907
buiks,2907
dying,2907
yawps,2906
combi,2906
glums,2906
wacks,2905
imshy,2903
fjeld,2903
bodhi,2902
combs,2902
bufty,2902
kembo,2901
hawms,2901
kaphs,2900
gouks,2900
sumph,2900
ozeki,2899
gawps,2898
coypu,2898
krubi,2897
odium,2896
width,2895
fundy,2895
nizam,2894
pikul,2894
fuzed,2894
gopik,2891
bunch,2890
limbs,2889
fugio,2889
ficus,2889
binks,2889
hulky,2889
wilja,2888
pujas,2887
flung,2887
fight,2886
gawky,2886
wolfs,2885
clump,2885
vouch,2884
bovid,2883
yodhs,2881
kilps,2881
fondu,2881
bulky,2881
ohmic,2880
pownd,2880
fubsy,2880
wembs,2879
picky,2879
jorum,2878
skimp,2877
fyrds,2876
bajus,2876
mawky,2876
whift,2875
hying,2874
tucks,2874
pluck,2874
flimp,2873
dicky,2872
dhobi,2870
boygs,2868
gulps,2868
cowps,2868
tumps,2868
ghazi,2867
cinqs,2867
yakow,2866
bhaji,2866
zymes,2865
pucka,2865
bunds,2865
unbag,2864
nighs,2864
ginks,2864
awful,2863
filks,2863
judas,2861
flunk,2861
rukhs,2860
pudic,2860
dusky,2860
fyked,2859
miltz,2859
linux,2858
punky,2858
khafs,2857
gojis,2856
midgy,2856
kapow,2855
pocks,2855
munch,2855
minks,2854
chomp,2854
zebus,2853
kinds,2853
fluky,2852
nicks,2851
pigmy,2851
pungs,2850
chimp,2850
docks,2848
hodja,2847
enfix,2847
maqui,2845
nimps,2845
wings,2845
mucid,2845
jihad,2844
mungo,2844
dungs,2843
gnows,2842
gulfy,2841
umiaq,2840
howdy,2840
pyxed,2839
fowth,2839
whilk,2838
chunk,2838
zupan,2837
durzi,2837
frump,2837
mysid,2836
chynd,2835
gadjo,2833
pawks,2832
filum,2831
abmho,2830
zincs,2830
wonks,2829
husky,2827
ogham,2826
knops,2826
quack,2826
coqui,2825
dawks,2825
kembs,2824
towzy,2824
ouphs,2822
furzy,2822
chugs,2821
wight,2820
vodka,2819
quayd,2819
busky,2819
hunky,2818
umpty,2817
whisk,2817
niqab,2816
kydst,2816
duchy,2816
volks,2815
hocks,2815
dwaum,2814
vamps,2814
myops,2812
zupas,2811
kanji,2811
chums,2811
jowly,2810
thymi,2809
djins,2809
vodun,2808
bocks,2807
comix,2807
whids,2806
embow,2804
woful,2804
yoghs,2803
pulks,2802
bungs,2802
jacky,2802
updos,2801
gyoza,2800
gimpy,2800
micky,2796
lucks,2794
dhows,2794
hadji,2793
pshaw,2793
jauks,2793
hawks,2792
finks,2792
yocks,2790
kings,2790
qapik,2789
lumps,2788
ungod,2787
pubco,2786
gunky,2785
yomps,2784
bawks,2784
vibex,2784
musky,2784
fungo,2782
gibus,2781
indow,2779
bufos,2774
johns,2773
mocks,2772
fundi,2772
oxids,2771
kudos,2769
funds,2768
mungs,2767
whops,2767
juked,2766
fjord,2766
kight,2765
zilch,2765
sybow,2764
whips,2763
hulks,2762
kutch,2761
bunko,2760
gawks,2759
flubs,2759
onkus,2758
yufts,2758
bulks,2754
picks,2752
hypos,2751
pujah,2751
mawks,2749
wuxia,2747
dicks,2745
mufti,2744
unbid,2744
qubit,2744
whigs,2743
humid,2743
jubas,2740
nimbs,2740
yukos,2739
dimps,2739
pubic,2739
ginzo,2739
guimp,2739
hafiz,2737
chubs,2736
wagyu,2735
quipo,2735
boyfs,2734
humic,2734
whims,2733
vichy,2733
zingy,2733
pudgy,2733
oxlip,2732
gulph,2732
rhumb,2731
punks,2731
coxib,2730
cowks,2729
thump,2729
bundh,2729
winks,2726
chimb,2726
quich,2726
dunks,2724
squib,2723
unhip,2722
knobs,2721
zygal,2721
gypos,2718
jongs,2718
gulfs,2714
dumka,2713
funky,2713
hicks,2712
dimbo,2711
junco,2710
fungi,2709
quods,2705
fungs,2705
dowps,2703
vulgo,2702
quids,2701
oxims,2698
cylix,2696
jingo,2692
hunks,2691
mucho,2690
mythi,2688
womyn,2688
lumbi,2687
psych,2686
vifda,2685
myths,2684
kumis,2683
jowls,2683
bunks,2683
gowds,2680
himbo,2678
hijab,2677
jacks,2675
khazi,2674
gimps,2673
choux,2670
ogmic,2669
micks,2669
wicky,2668
zacks,2666
ducky,2666
tymps,2665
khoja,2664
kojis,2663
quops,2662
wimpy,2662
womby,2660
dumpy,2660
quonk,2659
whyda,2658
quips,2658
gunks,2658
jucos,2653
jougs,2651
quoif,2650
admix,2649
knows,2649
wocks,2644
ponzu,2642
jambo,2641
fuzil,2641
xysti,2639
kophs,2639
embox,2638
kanzu,2637
mikva,2636
unkid,2634
hymns,2633
zambo,2632
quims,2628
humpy,2627
azuki,2624
glyph,2624
yowza,2623
phlox,2621
dykon,2620
chowk,2620
bumpy,2619
vying,2618
novum,2616
zinky,2614
konbu,2612
umbos,2609
bwazi,2607
zings,2606
thumb,2605
plumb,2603
nduja,2601
wakfs,2600
gucky,2600
hwyls,2596
judos,2594
zonks,2590
mucky,2590
fudgy,2588
funks,2586
bijou,2582
flump,2582
bunjy,2582
jupon,2579
zurfs,2577
bucko,2575
guqin,2573
enzym,2571
unjam,2569
ombus,2567
jambs,2564
fichu,2561
chump,2559
yucko,2558
kufis,2556
azyms,2553
pucks,2546
wicks,2541
khoum,2541
jocky,2541
ducks,2539
klutz,2538
wimps,2535
numbs,2534
wombs,2533
dumps,2533
jouks,2532
howks,2531
kulfi,2525
zouks,2523
quick,2523
xylic,2521
dumky,2521
howfs,2516
zobus,2507
punji,2507
hucks,2506
dumbo,2505
humps,2500
wynds,2499
gowks,2498
bucks,2498
jinks,2496
hokum,2493
inbox,2492
bumps,2492
whomp,2485
squiz,2484
gowfs,2483
yucks,2481
muzak,2481
yumps,2475
fujis,2475
gucks,2473
whups,2472
qophs,2469
gumps,2467
mucks,2463
khuds,2460
kimbo,2452
wojus,2452
lymph,2449
kybos,2445
kynds,2444
gumbo,2439
pyxis,2436
jimpy,2432
dumbs,2428
knubs,2426
junky,2417
waqfs,2416
jocks,2414
gizmo,2407
fucks,2401
vughy,2390
unzip,2380
jambu,2368
dzhos,2365
bumph,2356
myxos,2353
humfs,2346
bumfs,2338
unmix,2336
zygon,2330
unbox,2301
nymph,2300
zombi,2298
kumys,2298
judgy,2292
umphs,2291
junks,2290
fiqhs,2283
kombu,2282
buxom,2277
kylix,2272
gymps,2264
vughs,2263
nudzh,2248
mixup,2244
upbow,2237
jumpy,2226
unfix,2209
mujik,2198
zimbs,2191
whump,2190
jumby,2121
zymic,2121
jumps,2099
vozhd,2085
jumbo,2071
